id_review,caption,relative_date,retrieval_date,rating,username,n_review_user,n_photo_user,url_user
ChdDSUhNMG9nS0VJQ0FnSURtel82TXlRRRAB,Passer prendre un verre rapidement entre 2 rendez-vous et finalement ne plus vouloir en sortir. Aller un dernier son et je pars et le barman aka Dj enchaîne les titres,a day ago,2022-02-14 17:36:20.640681,5.0,Bolus Jonathan Kopdas,0,0,https://www.google.com/maps/contrib/104745591529904122578/reviews?hl=en-GB
ChdDSUhNMG9nS0VJQ0FnSURtcTlIZjFRRRAB,,5 days ago,2022-02-14 17:36:20.643246,5.0,A A,0,0,https://www.google.com/maps/contrib/109010883926058002463/reviews?hl=en-GB
ChZDSUhNMG9nS0VJQ0FnSURteTd6Sk9BEAE,,5 days ago,2022-02-14 17:36:20.647339,5.0,Bismuth Jennifer,0,0,https://www.google.com/maps/contrib/116256923366228944356/reviews?hl=en-GB
ChdDSUhNMG9nS0VJQ0FnSURtdGNmQXdRRRAB,,a week ago,2022-02-14 17:36:20.650482,5.0,Championnet Carrelages,0,0,https://www.google.com/maps/contrib/109468437566041816416/reviews?hl=en-GB
ChdDSUhNMG9nS0VJQ0FnSURtb2MtMG5BRRAB,(Translated by Google) Very good atmosphere  (Original) Très bonne ambiance,2 weeks ago,2022-02-14 17:36:20.653129,4.0,salem ousmail,0,0,https://www.google.com/maps/contrib/112077418104835202006/reviews?hl=en-GB
ChZDSUhNMG9nS0VJQ0FnSURtcnJmRUVREAE,"(Translated by Google) Place well frequented, relatively fast service, good atmosphere, I recommend …",2 weeks ago,2022-02-14 17:36:20.656323,5.0,Cyril Cyril,0,0,https://www.google.com/maps/contrib/116918329979975885572/reviews?hl=en-GB
ChZDSUhNMG9nS0VJQ0FnSURtNHNXOGNnEAE,😉,3 weeks ago,2022-02-14 17:36:20.659501,4.0,Diego Martinez Rego,0,0,https://www.google.com/maps/contrib/103216335145736070954/reviews?hl=en-GB
ChdDSUhNMG9nS0VJQ0FnSURtOExHejh3RRAB,Good music & chill vibes. I‘ll come back anytime again,4 weeks ago,2022-02-14 17:36:20.662661,5.0,Laura Tenchio,0,0,https://www.google.com/maps/contrib/107944497360669264712/reviews?hl=en-GB
ChdDSUhNMG9nS0VJQ0FnSURtOE56N2p3RRAB,,4 weeks ago,2022-02-14 17:36:20.665302,5.0,Ayman Bouknia,0,0,https://www.google.com/maps/contrib/110001255057293353298/reviews?hl=en-GB
ChZDSUhNMG9nS0VJQ0FnSUNtM3ZldVNREAE,"(Translated by Google) Very good welcoming atmosphere, extra burgers, only +++  (Original) …",a month ago,2022-02-14 17:36:20.669077,5.0,Camille Delaire,0,0,https://www.google.com/maps/contrib/111068005744105273014/reviews?hl=en-GB
ChZDSUhNMG9nS0VJQ0FnSURHNy1YY1BBEAE,great food and brilliant service,2 months ago,2022-02-14 17:36:20.675208,5.0,Kasia H,0,0,https://www.google.com/maps/contrib/101331176031612094917/reviews?hl=en-GB
ChdDSUhNMG9nS0VJQ0FnSURHamZmb3lBRRAB,,2 months ago,2022-02-14 17:36:20.679825,5.0,Liliana Bancheva,0,0,https://www.google.com/maps/contrib/117830530419514752931/reviews?hl=en-GB
ChZDSUhNMG9nS0VJQ0FnSURHOWJqcVNBEAE,(Translated by Google) Super welcoming place and very fair prices  (Original) …,2 months ago,2022-02-14 17:36:20.687867,5.0,Alexandre Vandevelde,0,0,https://www.google.com/maps/contrib/113567473623586024082/reviews?hl=en-GB
ChdDSUhNMG9nS0VJQ0FnSURHOW9XR3lBRRAB,,2 months ago,2022-02-14 17:36:20.690883,5.0,Mazigh Mouhou,0,0,https://www.google.com/maps/contrib/107149264073588186979/reviews?hl=en-GB
ChZDSUhNMG9nS0VJQ0FnSUNHZ2N1aFFnEAE,,3 months ago,2022-02-14 17:36:20.694210,5.0,Emília Maia,0,0,https://www.google.com/maps/contrib/107585965984331587799/reviews?hl=en-GB
ChZDSUhNMG9nS0VJQ0FnSUNHdktfVlVnEAE,"(Translated by Google) Very friendly welcome, good beers (also artisanal), the food is very good (an excellent couscous for example) and the burgers are top! …",3 months ago,2022-02-14 17:36:20.702335,5.0,Frank Kuerten,0,0,https://www.google.com/maps/contrib/105753769567757079746/reviews?hl=en-GB
ChdDSUhNMG9nS0VJQ0FnSUQ2LUpPYTdBRRAB,,4 months ago,2022-02-14 17:36:20.708342,4.0,Alexey Magdich,0,0,https://www.google.com/maps/contrib/109793784581307703135/reviews?hl=en-GB
ChZDSUhNMG9nS0VJQ0FnSUM2aTk3S1VREAE,,5 months ago,2022-02-14 17:36:20.714421,5.0,Georges HH,0,0,https://www.google.com/maps/contrib/107861522451688657905/reviews?hl=en-GB
ChZDSUhNMG9nS0VJQ0FnSUM2dUpqMUdBEAE,(Translated by Google) Very warm service and welcome. The waiter was very kind. We ate very well. The meat was tasty! I highly recommend. …,5 months ago,2022-02-14 17:36:20.720631,5.0,Malak Guizani,0,0,https://www.google.com/maps/contrib/112207278665708695779/reviews?hl=en-GB
ChZDSUhNMG9nS0VJQ0FnSURhNXRUa1RREAE,"The service was lovely and friendly, food absolutely delicious. Thank you!",5 months ago,2022-02-14 17:36:20.723890,5.0,Alexandra Markovska,0,0,https://www.google.com/maps/contrib/102614513648505023902/reviews?hl=en-GB
ChZDSUhNMG9nS0VJQ0FnSUNJLTlMSGZBEAE,"Best bar in the neighborhood, period.",5 months ago,2022-02-14 17:36:27.194949,5.0,Charles-Henri Froment,0,0,https://www.google.com/maps/contrib/109215210123371844353/reviews?hl=en-GB
ChZDSUhNMG9nS0VJQ0FnSURha3ZmbkpnEAE,"(Translated by Google) It is a beautiful place, pleasant and friendly !!! The staff is great, you have to prove to believe; apero, breakfast and lunch it's amazing and full of good humor !!! …",5 months ago,2022-02-14 17:36:27.198280,5.0,Vincenzo Frasca',0,0,https://www.google.com/maps/contrib/118444799256346766532/reviews?hl=en-GB
ChdDSUhNMG9nS0VJQ0FnSURheExEeTdRRRAB,A very nice place to drink and have some nice bites. Their deserts are also fine.,5 months ago,2022-02-14 17:36:27.205991,4.0,Neo Trinity,0,0,https://www.google.com/maps/contrib/101194445660703221349/reviews?hl=en-GB
ChZDSUhNMG9nS0VJQ0FnSURhLVBqbVlBEAE,,5 months ago,2022-02-14 17:36:27.211887,5.0,A. L.,0,0,https://www.google.com/maps/contrib/102723037534116242571/reviews?hl=en-GB
ChZDSUhNMG9nS0VJQ0FnSUNhOHI2aWZnEAE,,6 months ago,2022-02-14 17:36:27.219442,4.0,Coline,0,0,https://www.google.com/maps/contrib/107585218962334717232/reviews?hl=en-GB
ChZDSUhNMG9nS0VJQ0FnSURxbll1YklBEAE,"(Translated by Google) Excellent welcome and top staff, a wonderful evening in a great place! …",6 months ago,2022-02-14 17:36:27.229470,5.0,Felicia Pădureț,0,0,https://www.google.com/maps/contrib/116498609597434278733/reviews?hl=en-GB
ChZDSUhNMG9nS0VJQ0FnSURxcWM2WExBEAE,"(Translated by Google) At the top, super team and nanny mouloud crew  (Original) …",7 months ago,2022-02-14 17:36:27.242114,5.0,Léa Haddag,0,0,https://www.google.com/maps/contrib/110139992600048924766/reviews?hl=en-GB
ChZDSUhNMG9nS0VJQ0FnSURxMXNPSFBBEAE,,7 months ago,2022-02-14 17:36:27.257117,5.0,Le D,0,0,https://www.google.com/maps/contrib/112245581184849311077/reviews?hl=en-GB
ChdDSUhNMG9nS0VJQ0FnSURxaG9XczdBRRAB,,7 months ago,2022-02-14 17:36:27.261683,5.0,kim sola,0,0,https://www.google.com/maps/contrib/112515878764775969895/reviews?hl=en-GB
ChdDSUhNMG9nS0VJQ0FnSURxNnJ6cGt3RRAB,,7 months ago,2022-02-14 17:36:27.269861,5.0,Jean Derieux,0,0,https://www.google.com/maps/contrib/107261954894632384003/reviews?hl=en-GB
ChdDSUhNMG9nS0VJQ0FnSURxMHN2WnpnRRAB,,7 months ago,2022-02-14 17:36:33.636300,5.0,Yves-André Cariou,0,0,https://www.google.com/maps/contrib/116688893158054318505/reviews?hl=en-GB
ChZDSUhNMG9nS0VJQ0FnSURxd3FPZlp3EAE,,7 months ago,2022-02-14 17:36:33.638933,5.0,Hamdi marou,0,0,https://www.google.com/maps/contrib/111980362054299989584/reviews?hl=en-GB
ChZDSUhNMG9nS0VJQ0FnSUNxanRMMEVREAE,Top,8 months ago,2022-02-14 17:36:33.641787,5.0,Jennifer Uzan,0,0,https://www.google.com/maps/contrib/114984374415295177869/reviews?hl=en-GB
ChZDSUhNMG9nS0VJQ0FnSUNxLXRxYkpREAE,"Good friendly service, the food was also fresh and very good.",8 months ago,2022-02-14 17:36:33.644628,5.0,Maja Jesionek,0,0,https://www.google.com/maps/contrib/109202022358814131902/reviews?hl=en-GB
ChdDSUhNMG9nS0VJQ0FnSUNxcE5hQWx3RRAB,,8 months ago,2022-02-14 17:36:33.648869,5.0,Charline Mesureur,0,0,https://www.google.com/maps/contrib/115585522705197120769/reviews?hl=en-GB
ChdDSUhNMG9nS0VJQ0FnSUNxNk1XTDR3RRAB,,8 months ago,2022-02-14 17:36:33.652511,2.0,Isabelle. Hagler,0,0,https://www.google.com/maps/contrib/104442059608101098234/reviews?hl=en-GB
ChZDSUhNMG9nS0VJQ0FnSURLajgtZkFREAE,(Translated by Google) Very good  (Original) Très bon,8 months ago,2022-02-14 17:36:33.656293,5.0,ashley barban,0,0,https://www.google.com/maps/contrib/105574749379130361910/reviews?hl=en-GB
ChdDSUhNMG9nS0VJQ0FnSURLbC02NnVRRRAB,,8 months ago,2022-02-14 17:36:33.662171,5.0,Sebastien JUDAS,0,0,https://www.google.com/maps/contrib/117748576599865049912/reviews?hl=en-GB
ChdDSUhNMG9nS0VJQ0FnSUNLbHFTVmtRRRAB,(Translated by Google) Authentic and friendly  (Original) Authentique et convivial,10 months ago,2022-02-14 17:36:33.669778,5.0,BG Ales,0,0,https://www.google.com/maps/contrib/117788345260349890314/reviews?hl=en-GB
ChZDSUhNMG9nS0VJQ0FnSUNLeVBLQ2VBEAE,"(Translated by Google) We wish we could have a drink .... Thank you, the policies …",10 months ago,2022-02-14 17:36:33.676413,5.0,Liliane serrau,0,0,https://www.google.com/maps/contrib/101059745011567947823/reviews?hl=en-GB
ChdDSUhNMG9nS0VJQ0FnSUR5MXB6bTJRRRAB,,11 months ago,2022-02-14 17:36:40.140220,5.0,Tiennette Crochon,0,0,https://www.google.com/maps/contrib/108530931176600363050/reviews?hl=en-GB
ChdDSUhNMG9nS0VJQ0FnSUN5LWZxbHh3RRAB,(Translated by Google) Beautiful and large shop  (Original) Belle et grande boutique,a year ago,2022-02-14 17:36:40.142983,4.0,Annie Courtial,0,0,https://www.google.com/maps/contrib/100507790408380564296/reviews?hl=en-GB
ChdDSUhNMG9nS0VJQ0FnSUN5anNIVzNBRRAB,,a year ago,2022-02-14 17:36:40.145664,5.0,Гульнара Абдураимова,0,0,https://www.google.com/maps/contrib/110996063684138645874/reviews?hl=en-GB
ChZDSUhNMG9nS0VJQ0FnSUNTcUtUVU5nEAE,,a year ago,2022-02-14 17:36:40.149869,5.0,Ziani Hamza,0,0,https://www.google.com/maps/contrib/111045375530514658307/reviews?hl=en-GB
ChZDSUhNMG9nS0VJQ0FnSUNpbC1qaVJBEAE,,a year ago,2022-02-14 17:36:40.152685,1.0,Adèle Doré,0,0,https://www.google.com/maps/contrib/109425041638746623008/reviews?hl=en-GB
ChdDSUhNMG9nS0VJQ0FnSUNpam96cTNBRRAB,,a year ago,2022-02-14 17:36:40.155650,3.0,paul mac,0,0,https://www.google.com/maps/contrib/101590640953419361608/reviews?hl=en-GB
ChdDSUhNMG9nS0VJQ0FnSUNpM0tIVG9RRRAB,,a year ago,2022-02-14 17:36:40.158588,5.0,katarzyna gul,0,0,https://www.google.com/maps/contrib/102792769115499378177/reviews?hl=en-GB
ChdDSUhNMG9nS0VJQ0FnSUNnN1lqaXV3RRAB,,a year ago,2022-02-14 17:36:40.161878,5.0,Florian Coustet,0,0,https://www.google.com/maps/contrib/113928917497565479149/reviews?hl=en-GB
ChZDSUhNMG9nS0VJQ0FnSURDanBuNklREAE,,a year ago,2022-02-14 17:36:40.165419,5.0,Mehdi Farcy,0,0,https://www.google.com/maps/contrib/116489996490294023318/reviews?hl=en-GB
ChZDSUhNMG9nS0VJQ0FnSURDaU82bFV3EAE,"(Translated by Google) finally a bar where conviviality, good humor and class meet. the staff are funny and professional and the barman is the best in paris! …",a year ago,2022-02-14 17:36:40.170299,5.0,Lionel Martins,0,0,https://www.google.com/maps/contrib/117242921313330153397/reviews?hl=en-GB
ChZDSUhNMG9nS0VJQ0FnSUNDMGNhblJREAE,"(Translated by Google) Very good value for money, at the top!  (Original) …",a year ago,2022-02-14 17:36:46.628625,5.0,Amélyne Huyard,0,0,https://www.google.com/maps/contrib/110162858618373719513/reviews?hl=en-GB
ChZDSUhNMG9nS0VJQ0FnSUNDOHZYMFRREAE,,a year ago,2022-02-14 17:36:46.631207,5.0,Adam Quinquenel,0,0,https://www.google.com/maps/contrib/113855700998560947007/reviews?hl=en-GB
ChZDSUhNMG9nS0VJQ0FnSUNDNHBqbWZ3EAE,"(Translated by Google) In any case, 5 stars. Accidentally came in when it rained and had a great stay. The boss was super nice. Read practically every wish from our eyes. The food was very tasty. We were able to fry our meat again without …",a year ago,2022-02-14 17:36:46.634263,5.0,Susanne Sawislog,0,0,https://www.google.com/maps/contrib/115471705928766746249/reviews?hl=en-GB
ChdDSUhNMG9nS0VJQ0FnSUNDd3B6NV9nRRAB,,a year ago,2022-02-14 17:36:46.636887,5.0,Samir HARTI,0,0,https://www.google.com/maps/contrib/108773263628552530682/reviews?hl=en-GB
ChZDSUhNMG9nS0VJQ0FnSUQ4cmFiZkpnEAE,"(Translated by Google) Nice place, very welcoming server and a meal that makes you want to come back top …",a year ago,2022-02-14 17:36:46.640381,5.0,Maryse Berthely,0,0,https://www.google.com/maps/contrib/105325717895090267891/reviews?hl=en-GB
ChdDSUhNMG9nS0VJQ0FnSUQ4cGZ1ZnpBRRAB,(Translated by Google) Good attention  (Original) Buena atención,a year ago,2022-02-14 17:36:46.643552,5.0,hader sper viver,0,0,https://www.google.com/maps/contrib/101163836994512815177/reviews?hl=en-GB
ChZDSUhNMG9nS0VJQ0FnSUM4eS1QTWN3EAE,,a year ago,2022-02-14 17:36:46.646898,5.0,Nicolas Guillemot,0,0,https://www.google.com/maps/contrib/112856751533382677780/reviews?hl=en-GB
ChZDSUhNMG9nS0VJQ0FnSUM4M3U3V2JBEAE,(Translated by Google) Good place good atmosphere I recommend it !!  (Original) …,a year ago,2022-02-14 17:36:46.652845,5.0,Mike Rodriguez,0,0,https://www.google.com/maps/contrib/115651069756875301926/reviews?hl=en-GB
ChZDSUhNMG9nS0VJQ0FnSUM4NnMtUUJ3EAE,,a year ago,2022-02-14 17:36:46.660429,5.0,Djé botschniak,0,0,https://www.google.com/maps/contrib/103981357188145489932/reviews?hl=en-GB
ChZDSUhNMG9nS0VJQ0FnSUM4c3RmUEtREAE,,a year ago,2022-02-14 17:36:46.665633,1.0,Elisouche,0,0,https://www.google.com/maps/contrib/110725719738597606990/reviews?hl=en-GB
ChZDSUhNMG9nS0VJQ0FnSUM4MHREaFZ3EAE,,a year ago,2022-02-14 17:36:53.204086,4.0,Eric D'AMBRA,0,0,https://www.google.com/maps/contrib/104948788845702902417/reviews?hl=en-GB
ChdDSUhNMG9nS0VJQ0FnSUM4MU02bzdBRRAB,(Translated by Google) Good welcome fast service Cheap food To redo …,a year ago,2022-02-14 17:36:53.207272,5.0,Myriam Lacroix,0,0,https://www.google.com/maps/contrib/110350708287292478430/reviews?hl=en-GB
ChZDSUhNMG9nS0VJQ0FnSUM4c0pIbURREAE,,a year ago,2022-02-14 17:36:53.210054,3.0,Alessandro Losavio,0,0,https://www.google.com/maps/contrib/118424718015718963983/reviews?hl=en-GB
ChZDSUhNMG9nS0VJQ0FnSURjOTZxS05nEAE,,a year ago,2022-02-14 17:36:53.213090,4.0,Loïc Besset,0,0,https://www.google.com/maps/contrib/114522902860312356056/reviews?hl=en-GB
ChZDSUhNMG9nS0VJQ0FnSURjbV9TQkxBEAE,,a year ago,2022-02-14 17:36:53.218476,5.0,Benoît Tariel,0,0,https://www.google.com/maps/contrib/100858346094108534831/reviews?hl=en-GB
ChZDSUhNMG9nS0VJQ0FnSURja3J1VFdBEAE,,a year ago,2022-02-14 17:36:53.222697,5.0,Tatiana B,0,0,https://www.google.com/maps/contrib/103119215170491761263/reviews?hl=en-GB
ChZDSUhNMG9nS0VJQ0FnSURjZ3RtNEJBEAE,,a year ago,2022-02-14 17:36:53.227421,5.0,Kenza,0,0,https://www.google.com/maps/contrib/107635769952560494549/reviews?hl=en-GB
ChZDSUhNMG9nS0VJQ0FnSURjbUxmSE1REAE,,a year ago,2022-02-14 17:36:53.232746,5.0,Alexis bednarek,0,0,https://www.google.com/maps/contrib/100866110573518512254/reviews?hl=en-GB
ChdDSUhNMG9nS0VJQ0FnSUNjbWNHT193RRAB,(Translated by Google) ... high prices and small toilet  (Original) ...visoke cijene i mali wc,a year ago,2022-02-14 17:36:53.236130,2.0,Andrija Krcma,0,0,https://www.google.com/maps/contrib/114829347861996665596/reviews?hl=en-GB
ChdDSUhNMG9nS0VJQ0FnSUNjcklHRjNnRRAB,(Translated by Google) Friendly neighborhood bar  (Original) Bar du quartier chaleureux,a year ago,2022-02-14 17:36:53.239077,4.0,Ludoche Nanka,0,0,https://www.google.com/maps/contrib/106697602438137877339/reviews?hl=en-GB
ChZDSUhNMG9nS0VJQ0FnSURzaGFDRUR3EAE,,a year ago,2022-02-14 17:36:59.870864,5.0,Christopher Buxton,0,0,https://www.google.com/maps/contrib/101493263074673370564/reviews?hl=en-GB
ChdDSUhNMG9nS0VJQ0FnSURzMmZ5UHlBRRAB,,a year ago,2022-02-14 17:36:59.873552,5.0,deborah danan,0,0,https://www.google.com/maps/contrib/108478863105409818389/reviews?hl=en-GB
ChZDSUhNMG9nS0VJQ0FnSURzcWNpcGVBEAE,,a year ago,2022-02-14 17:36:59.876005,3.0,walid elhachem,0,0,https://www.google.com/maps/contrib/108686501576523936254/reviews?hl=en-GB
ChdDSUhNMG9nS0VJQ0FnSURzNGVxUjBnRRAB,(Translated by Google) Great food! And good variety of beers. Relaxed and Happy Hour atmosphere. I loved it! …,a year ago,2022-02-14 17:36:59.878503,5.0,Barbara Echelmeier,0,0,https://www.google.com/maps/contrib/110080010776890148317/reviews?hl=en-GB
ChdDSUhNMG9nS0VJQ0FnSURzMnVhRndRRRAB,,a year ago,2022-02-14 17:36:59.882471,5.0,Dorotka Šuráňová,0,0,https://www.google.com/maps/contrib/108490476883845244384/reviews?hl=en-GB
ChZDSUhNMG9nS0VJQ0FnSURzcXZPeE9REAE,,a year ago,2022-02-14 17:36:59.885824,3.0,Good Old Dude,0,0,https://www.google.com/maps/contrib/106835562048152840366/reviews?hl=en-GB
ChZDSUhNMG9nS0VJQ0FnSURzcXI3VEF3EAE,,a year ago,2022-02-14 17:36:59.889686,4.0,Pauline Brinkmann,0,0,https://www.google.com/maps/contrib/110658244123760229993/reviews?hl=en-GB
ChZDSUhNMG9nS0VJQ0FnSURzZ29QWEJ3EAE,,a year ago,2022-02-14 17:36:59.896622,5.0,Alexis Bednarek,0,0,https://www.google.com/maps/contrib/106889506811593735672/reviews?hl=en-GB
ChdDSUhNMG9nS0VJQ0FnSURzOUoyV3lBRRAB,"(Translated by Google) I only note the service, or rather a server in particular he is often there in the morning tall thin, depressed, and depressing, I wonder what he is doing behind, if you see him turn around, just to see his head looks …",a year ago,2022-02-14 17:36:59.904420,1.0,nesles f,0,0,https://www.google.com/maps/contrib/112137056000965929050/reviews?hl=en-GB
ChdDSUhNMG9nS0VJQ0FnSURzbUl2X3hBRRAB,"(Translated by Google) After crossing all of Paris, we needed rest! 5-star bench 🤩 …",a year ago,2022-02-14 17:36:59.911034,5.0,Louise Jacob,0,0,https://www.google.com/maps/contrib/104684569543047942449/reviews?hl=en-GB
ChdDSUhNMG9nS0VJQ0FnSURzNktXczZRRRAB,,a year ago,2022-02-14 17:37:06.528871,4.0,GABRIEL,0,0,https://www.google.com/maps/contrib/108826114605588514125/reviews?hl=en-GB
ChdDSUhNMG9nS0VJQ0FnSURzcUpfUTBnRRAB,,a year ago,2022-02-14 17:37:06.531352,5.0,Ashley Jones,0,0,https://www.google.com/maps/contrib/102374742447444714357/reviews?hl=en-GB
ChZDSUhNMG9nS0VJQ0FnSURzOEtEeFFnEAE,"(Translated by Google) I put 5 stars on this brasserie, there may be a bit of subjectivity 😉 I love this place I discovered it 2 or 3 years ago and it has become my favorite bar I went there often when I lived not far away, I go there as …",a year ago,2022-02-14 17:37:06.533881,5.0,Merse lus,0,0,https://www.google.com/maps/contrib/113543175726910424095/reviews?hl=en-GB
ChdDSUhNMG9nS0VJQ0FnSUNzXzlpUS1BRRAB,,a year ago,2022-02-14 17:37:06.536420,5.0,NATACHA RASCAR,0,0,https://www.google.com/maps/contrib/109485356388950104241/reviews?hl=en-GB
ChdDSUhNMG9nS0VJQ0FnSUNzcDZyR3lnRRAB,"Not bad, not great. Good draft beers.",a year ago,2022-02-14 17:37:06.538925,3.0,Angel Albadalejo Jimenez,0,0,https://www.google.com/maps/contrib/104091161830204607022/reviews?hl=en-GB
ChdDSUhNMG9nS0VJQ0FnSUNzcmN1RjVnRRAB,,2 years ago,2022-02-14 17:37:06.541659,4.0,Jordi Mata,0,0,https://www.google.com/maps/contrib/117880807837553169485/reviews?hl=en-GB
ChZDSUhNMG9nS0VJQ0FnSUNzMmVTYlV3EAE,,2 years ago,2022-02-14 17:37:06.544112,5.0,Emiliano Cuellar,0,0,https://www.google.com/maps/contrib/102205813298950212283/reviews?hl=en-GB
ChdDSUhNMG9nS0VJQ0FnSUNzNllTVzNBRRAB,,2 years ago,2022-02-14 17:37:06.546681,5.0,Lea Thonnat,0,0,https://www.google.com/maps/contrib/102422596200101827242/reviews?hl=en-GB
ChdDSUhNMG9nS0VJQ0FnSUNzOGJXNGlRRRAB,"(Translated by Google) Nice to not be able to wait for their waiters, very good service ,, price like everything in Paris …",2 years ago,2022-02-14 17:37:06.550020,5.0,astaroth1es,0,0,https://www.google.com/maps/contrib/106664464211091965086/reviews?hl=en-GB
ChdDSUhNMG9nS0VJQ0FnSUNzc2I2T3RnRRAB,,2 years ago,2022-02-14 17:37:06.553252,4.0,Eugenia Cagliero,0,0,https://www.google.com/maps/contrib/104753559276453461279/reviews?hl=en-GB
ChZDSUhNMG9nS0VJQ0FnSURNb29mNENnEAE,(Translated by Google) Nothing to say you can go there with your eyes closed  (Original) …,2 years ago,2022-02-14 17:37:13.290078,4.0,Saad Saad,0,0,https://www.google.com/maps/contrib/111764256233921740930/reviews?hl=en-GB
ChZDSUhNMG9nS0VJQ0FnSUNzbXRUSE1REAE,"(Translated by Google) I recommend, we will come back with my friends. Just a little expensive, but the place is nice. …",2 years ago,2022-02-14 17:37:13.292712,4.0,Naima Ginad,0,0,https://www.google.com/maps/contrib/105158548523468226576/reviews?hl=en-GB
ChZDSUhNMG9nS0VJQ0FnSUNzbk82X0V3EAE,(Translated by Google) I love  (Original) J'adore,2 years ago,2022-02-14 17:37:13.295504,4.0,Pli Mais ne rompt pas,0,0,https://www.google.com/maps/contrib/102199288953398887958/reviews?hl=en-GB
ChdDSUhNMG9nS0VJQ0FnSURNdjl6QS1BRRAB,"(Translated by Google) Very good table, succulent dishes to highly recommend. Very friendly welcome. …",2 years ago,2022-02-14 17:37:13.299523,5.0,Eric Decousser,0,0,https://www.google.com/maps/contrib/111853510686152542955/reviews?hl=en-GB
ChZDSUhNMG9nS0VJQ0FnSURNNTdDV1F3EAE,"(Translated by Google) Great quality food, well served, cozy place and very attentive staff! …",2 years ago,2022-02-14 17:37:13.305199,4.0,Carmem Trindade,0,0,https://www.google.com/maps/contrib/103267663148477396908/reviews?hl=en-GB
ChZDSUhNMG9nS0VJQ0FnSURNazd5V09BEAE,,2 years ago,2022-02-14 17:37:13.313581,3.0,Ras Jones,0,0,https://www.google.com/maps/contrib/111016502698535822064/reviews?hl=en-GB
ChZDSUhNMG9nS0VJQ0FnSURNcmV5akx3EAE,,2 years ago,2022-02-14 17:37:13.317514,5.0,Muhanad Gorgees,0,0,https://www.google.com/maps/contrib/110259602291010505052/reviews?hl=en-GB
ChdDSUhNMG9nS0VJQ0FnSURNeGFqdjdRRRAB,,2 years ago,2022-02-14 17:37:13.321903,4.0,Grégory Renault,0,0,https://www.google.com/maps/contrib/116119470406256364482/reviews?hl=en-GB
ChZDSUhNMG9nS0VJQ0FnSURNdVozdlFBEAE,,2 years ago,2022-02-14 17:37:13.326409,1.0,Lexa,0,0,https://www.google.com/maps/contrib/110670147180872391153/reviews?hl=en-GB
ChZDSUhNMG9nS0VJQ0FnSURNc1ptV0NREAE,,2 years ago,2022-02-14 17:37:13.331690,5.0,Annabelle Georges,0,0,https://www.google.com/maps/contrib/102134404408325669187/reviews?hl=en-GB
ChZDSUhNMG9nS0VJQ0FnSURNd2RQdktBEAE,Really nice bistro,2 years ago,2022-02-14 17:37:20.053679,5.0,Michel L.,0,0,https://www.google.com/maps/contrib/106073865901920660991/reviews?hl=en-GB
ChdDSUhNMG9nS0VJQ0FnSURNM3VXeTZnRRAB,,2 years ago,2022-02-14 17:37:20.057510,5.0,Andreas “RunningSenna” Klaus,0,0,https://www.google.com/maps/contrib/101399352351887746525/reviews?hl=en-GB
ChZDSUhNMG9nS0VJQ0FnSURNdHZETUtREAE,,2 years ago,2022-02-14 17:37:20.061889,4.0,Michel Cyprien,0,0,https://www.google.com/maps/contrib/103244982275881143250/reviews?hl=en-GB
ChdDSUhNMG9nS0VJQ0FnSURNZ3VMQXNBRRAB,"(Translated by Google) 1st restaurant with my cousins, the setting, the service, the food, everything is fine I go back it's on …",2 years ago,2022-02-14 17:37:20.066758,5.0,LOUNACI Mohammed,0,0,https://www.google.com/maps/contrib/103877358113272923209/reviews?hl=en-GB
ChZDSUhNMG9nS0VJQ0FnSURNX0xtNUJnEAE,,2 years ago,2022-02-14 17:37:20.070091,5.0,Patrick Slootheer,0,0,https://www.google.com/maps/contrib/103107435509947254113/reviews?hl=en-GB
ChZDSUhNMG9nS0VJQ0FnSURNNk5MMlFREAE,"(Translated by Google) Very nice bar for a drink, good atmosphere and reasonable price …",2 years ago,2022-02-14 17:37:20.076650,5.0,Maxime Conan,0,0,https://www.google.com/maps/contrib/113695759225415817609/reviews?hl=en-GB
ChZDSUhNMG9nS0VJQ0FnSUNNai1ub1dREAE,,2 years ago,2022-02-14 17:37:20.079735,4.0,Pascal Friderich,0,0,https://www.google.com/maps/contrib/103695697533138566004/reviews?hl=en-GB
ChdDSUhNMG9nS0VJQ0FnSUNNODhEYi1BRRAB,,2 years ago,2022-02-14 17:37:20.083943,5.0,nicolas fortier,0,0,https://www.google.com/maps/contrib/111362117071395639765/reviews?hl=en-GB
ChZDSUhNMG9nS0VJQ0FnSUNNczhXYVZBEAE,,2 years ago,2022-02-14 17:37:20.091632,5.0,kamal paris,0,0,https://www.google.com/maps/contrib/114696773250140964036/reviews?hl=en-GB
ChdDSUhNMG9nS0VJQ0FnSUNNZy1Qdm5nRRAB,,2 years ago,2022-02-14 17:37:20.096334,5.0,Aleksander Jastremski,0,0,https://www.google.com/maps/contrib/117435158227579465867/reviews?hl=en-GB
ChZDSUhNMG9nS0VJQ0FnSUNNZzY2aEpREAE,,2 years ago,2022-02-14 17:37:27.009161,4.0,Akel Fares,0,0,https://www.google.com/maps/contrib/104677555986645630276/reviews?hl=en-GB
ChdDSUhNMG9nS0VJQ0FnSUNNM2UtdXdBRRAB,,2 years ago,2022-02-14 17:37:27.011648,5.0,eduardo lago,0,0,https://www.google.com/maps/contrib/117698433293338626600/reviews?hl=en-GB
ChZDSUhNMG9nS0VJQ0FnSUNNOWJxZVNREAE,,2 years ago,2022-02-14 17:37:27.014927,5.0,José Jiménez Romero,0,0,https://www.google.com/maps/contrib/101121180421955579907/reviews?hl=en-GB
ChdDSUhNMG9nS0VJQ0FnSUNNaGZ1OTVRRRAB,,2 years ago,2022-02-14 17:37:27.019020,5.0,carla bastos,0,0,https://www.google.com/maps/contrib/100202138936482723438/reviews?hl=en-GB
ChRDSUhNMG9nS0VJQ0FnSUQwbzc0YxAB,,2 years ago,2022-02-14 17:37:27.023635,3.0,Maxime HUNON,0,0,https://www.google.com/maps/contrib/107666066531963921257/reviews?hl=en-GB
ChZDSUhNMG9nS0VJQ0FnSUQwNWZudVJREAE,,2 years ago,2022-02-14 17:37:27.029189,4.0,Lisa Bazzan,0,0,https://www.google.com/maps/contrib/117475556360504152224/reviews?hl=en-GB
ChdDSUhNMG9nS0VJQ0FnSUQweGFfcmh3RRAB,(Translated by Google) What a pity they decided to roll us with pints of 43cl ... …,2 years ago,2022-02-14 17:37:27.034304,1.0,Virgile Balma,0,0,https://www.google.com/maps/contrib/114517274377085820226/reviews?hl=en-GB
ChZDSUhNMG9nS0VJQ0FnSUQwOFpXRlVREAE,(Translated by Google) Cool little break cool like the place  (Original) …,2 years ago,2022-02-14 17:37:27.042561,5.0,Stephane Poudens,0,0,https://www.google.com/maps/contrib/106215889471057315180/reviews?hl=en-GB
ChZDSUhNMG9nS0VJQ0FnSUQwNGF5b1RREAE,,2 years ago,2022-02-14 17:37:27.049350,1.0,Gérard PRIMEL,0,0,https://www.google.com/maps/contrib/104026540718183186148/reviews?hl=en-GB
ChZDSUhNMG9nS0VJQ0FnSUQwb2FLekdnEAE,,2 years ago,2022-02-14 17:37:27.059978,5.0,Christine Besegui,0,0,https://www.google.com/maps/contrib/108240781965871972428/reviews?hl=en-GB
ChdDSUhNMG9nS0VJQ0FnSUQwb2RTQzBnRRAB,(Translated by Google) Good breakfast !!!  (Original) Bon petit déjeuner !!!,2 years ago,2022-02-14 17:37:33.895654,5.0,verseau,0,0,https://www.google.com/maps/contrib/109487955704778326033/reviews?hl=en-GB
ChZDSUhNMG9nS0VJQ0FnSUQwcHB5TmFREAE,,2 years ago,2022-02-14 17:37:33.898267,5.0,CLASH WITH BANANA BOMBERS,0,0,https://www.google.com/maps/contrib/111842016503897552136/reviews?hl=en-GB
ChZDSUhNMG9nS0VJQ0FnSUQwdXUtM2R3EAE,,2 years ago,2022-02-14 17:37:33.900821,5.0,Nicolas Frega,0,0,https://www.google.com/maps/contrib/116373178670118930366/reviews?hl=en-GB
ChZDSUhNMG9nS0VJQ0FnSUQwMm9EeEZ3EAE,(Translated by Google) Warm welcome  (Original) Accueil peu chaleureux,2 years ago,2022-02-14 17:37:33.903385,2.0,Céline DUMONT,0,0,https://www.google.com/maps/contrib/109276560368727612851/reviews?hl=en-GB
ChZDSUhNMG9nS0VJQ0FnSUQwMHVQTlFREAE,Really nice food and friendly staff.,2 years ago,2022-02-14 17:37:33.907243,4.0,Karl Godman,0,0,https://www.google.com/maps/contrib/109000127153277322349/reviews?hl=en-GB
ChdDSUhNMG9nS0VJQ0FnSUQwd3ZfRGxRRRAB,"(Translated by Google) Ok. Ok coffee, meal ... blah!  (Original) Ok. Café ok, repas... bof !",2 years ago,2022-02-14 17:37:33.910690,3.0,Enzo Alavi,0,0,https://www.google.com/maps/contrib/112377105756994061926/reviews?hl=en-GB
ChZDSUhNMG9nS0VJQ0FnSUQwX015SUV3EAE,,2 years ago,2022-02-14 17:37:33.914275,5.0,P-A Bouly,0,0,https://www.google.com/maps/contrib/116939226243470486454/reviews?hl=en-GB
ChdDSUhNMG9nS0VJQ0FnSUQwM0xfNDV3RRAB,Really nice food and friendly welcoming. Prices are not high and design is nice.,2 years ago,2022-02-14 17:37:33.917341,5.0,Arin Na,0,0,https://www.google.com/maps/contrib/103410933910389583408/reviews?hl=en-GB
ChZDSUhNMG9nS0VJQ0FnSUQwc0tfbkN3EAE,,2 years ago,2022-02-14 17:37:33.921558,4.0,Haikel BEN HMIDA,0,0,https://www.google.com/maps/contrib/107447198550853838737/reviews?hl=en-GB
ChZDSUhNMG9nS0VJQ0FnSUQwc05EZWVBEAE,,2 years ago,2022-02-14 17:37:33.929475,3.0,goran pilatic,0,0,https://www.google.com/maps/contrib/101634646679541942452/reviews?hl=en-GB
ChdDSUhNMG9nS0VJQ0FnSUQwNFBxaDd3RRAB,(Translated by Google) Very friendly server and excellent value for money  (Original) …,2 years ago,2022-02-14 17:37:40.985016,4.0,Isabelle Paulles,0,0,https://www.google.com/maps/contrib/106300009336348998650/reviews?hl=en-GB
ChdDSUhNMG9nS0VJQ0FnSUQwd05TM293RRAB,"Nice little bar to grab a coffee, drink or meal. Friendly bartenders who understand English quite well.",2 years ago,2022-02-14 17:37:40.987642,4.0,Ethan Mathess,0,0,https://www.google.com/maps/contrib/106011706547491298296/reviews?hl=en-GB
ChZDSUhNMG9nS0VJQ0FnSUMwcjVPOVZ3EAE,,2 years ago,2022-02-14 17:37:40.990167,4.0,Martin Fouque,0,0,https://www.google.com/maps/contrib/101891808390868868420/reviews?hl=en-GB
ChZDSUhNMG9nS0VJQ0FnSUMwbDRtN2V3EAE,,2 years ago,2022-02-14 17:37:40.992960,4.0,valerie hardy,0,0,https://www.google.com/maps/contrib/104545637119685140115/reviews?hl=en-GB
ChdDSUhNMG9nS0VJQ0FnSUMweDU3enZRRRAB,,2 years ago,2022-02-14 17:37:40.996165,5.0,Rosa Ruiz San Juan,0,0,https://www.google.com/maps/contrib/114889060971034836898/reviews?hl=en-GB
ChdDSUhNMG9nS0VJQ0FnSUMwaTlqY3RBRRAB,,2 years ago,2022-02-14 17:37:40.999201,5.0,Delphine Monjean,0,0,https://www.google.com/maps/contrib/105734418694196289519/reviews?hl=en-GB
ChZDSUhNMG9nS0VJQ0FnSUMwel9pSGZBEAE,"(Translated by Google) The food is delicious, the atmosphere is good, the staff are friendly, and the price is reasonable. …",2 years ago,2022-02-14 17:37:41.005413,5.0,다이나믹(다이나믹),0,0,https://www.google.com/maps/contrib/104706464220227305997/reviews?hl=en-GB
ChZDSUhNMG9nS0VJQ0FnSUNnbHVHcmFREAE,(Translated by Google) A good neighborhood address.  (Original) …,2 years ago,2022-02-14 17:37:41.009769,4.0,Joan Onyme,0,0,https://www.google.com/maps/contrib/105232081999828757380/reviews?hl=en-GB
ChZDSUhNMG9nS0VJQ0FnSUMwamZDLUlnEAE,,2 years ago,2022-02-14 17:37:41.012354,5.0,Rsd _ ali,0,0,https://www.google.com/maps/contrib/110066363046745115094/reviews?hl=en-GB
ChdDSUhNMG9nS0VJQ0FnSUMwdWJQVXdBRRAB,,2 years ago,2022-02-14 17:37:41.015389,5.0,Alvaro zuñiga,0,0,https://www.google.com/maps/contrib/110122320809009577367/reviews?hl=en-GB
ChZDSUhNMG9nS0VJQ0FnSUMwMnF2UU53EAE,,2 years ago,2022-02-14 17:37:48.041793,3.0,Agathe PRIOL,0,0,https://www.google.com/maps/contrib/109960077970207401969/reviews?hl=en-GB
ChZDSUhNMG9nS0VJQ0FnSUMwd3BUb0xBEAE,,2 years ago,2022-02-14 17:37:48.044240,3.0,daniel lamy,0,0,https://www.google.com/maps/contrib/103036735536753260813/reviews?hl=en-GB
ChZDSUhNMG9nS0VJQ0FnSUMwdk91N0ZREAE,(Translated by Google) Bar very warm.  (Original) Bar très chaleureux.,2 years ago,2022-02-14 17:37:48.046705,5.0,Guillaume Ducongé,0,0,https://www.google.com/maps/contrib/102876588861660975348/reviews?hl=en-GB
ChdDSUhNMG9nS0VJQ0FnSUMwMUpydS13RRAB,,2 years ago,2022-02-14 17:37:48.049357,4.0,Mickael Arias,0,0,https://www.google.com/maps/contrib/116527379846227510345/reviews?hl=en-GB
ChdDSUhNMG9nS0VJQ0FnSUMwcE1xazZRRRAB,,2 years ago,2022-02-14 17:37:48.052303,4.0,Arnaud Maignan,0,0,https://www.google.com/maps/contrib/113450448228376258841/reviews?hl=en-GB
ChZDSUhNMG9nS0VJQ0FnSUMweUlxUWF3EAE,(Translated by Google) Super traders  (Original) Super commerçants,2 years ago,2022-02-14 17:37:48.054818,5.0,Alain Geoffre,0,0,https://www.google.com/maps/contrib/113186684484242954158/reviews?hl=en-GB
ChZDSUhNMG9nS0VJQ0FnSUMwZ0tyeUJ3EAE,(Translated by Google) Nice place to have a drink  (Original) …,2 years ago,2022-02-14 17:37:48.058992,5.0,Betty,0,0,https://www.google.com/maps/contrib/105372775866309935886/reviews?hl=en-GB
ChZDSUhNMG9nS0VJQ0FnSURVdi1HUE13EAE,,2 years ago,2022-02-14 17:37:48.064932,4.0,Grischa Förderer,0,0,https://www.google.com/maps/contrib/109675408208271655875/reviews?hl=en-GB
ChdDSUhNMG9nS0VJQ0FnSURVNTZ6QTlnRRAB,"(Translated by Google) Bar very nice for the location and the bartender at the top, however, the waiters in the underground were very unfriendly, I pass the details but we got fired, insults to the keys! …",2 years ago,2022-02-14 17:37:48.072767,1.0,Alexandre de Cadoudal,0,0,https://www.google.com/maps/contrib/115450387040341730409/reviews?hl=en-GB
ChdDSUhNMG9nS0VJQ0FnSURVeTVfVHVBRRAB,(Translated by Google) Super nice bar and good service  (Original) …,2 years ago,2022-02-14 17:37:48.076316,5.0,Joce Allib,0,0,https://www.google.com/maps/contrib/106234183629307921838/reviews?hl=en-GB
ChdDSUhNMG9nS0VJQ0FnSURVdzdPdDNBRRAB,,2 years ago,2022-02-14 17:37:57.748902,4.0,Rommel Agsulid,0,0,https://www.google.com/maps/contrib/114627557685171295589/reviews?hl=en-GB
ChZDSUhNMG9nS0VJQ0FnSURVclp2dGFREAE,,2 years ago,2022-02-14 17:37:57.751516,5.0,Epheb “Epheb”,0,0,https://www.google.com/maps/contrib/116247561891958315526/reviews?hl=en-GB
ChZDSUhNMG9nS0VJQ0FnSURVcWY2WUx3EAE,(Translated by Google) Tasty mojito :)  (Original) Leckerer Mojito :),2 years ago,2022-02-14 17:37:57.756309,5.0,Bea Schumann,0,0,https://www.google.com/maps/contrib/113379037384507396535/reviews?hl=en-GB
ChdDSUhNMG9nS0VJQ0FnSURVeWRhaXFRRRAB,,2 years ago,2022-02-14 17:37:57.759436,3.0,Annick Le Port,0,0,https://www.google.com/maps/contrib/105896146546309838122/reviews?hl=en-GB
ChZDSUhNMG9nS0VJQ0FnSURVM3B5ZVdnEAE,Very nice and friendly service but the beer tasted watered down. Food looked good although we didn't eat there.,2 years ago,2022-02-14 17:37:57.766224,4.0,Robert Utchanah,0,0,https://www.google.com/maps/contrib/110031803568402204836/reviews?hl=en-GB
ChdDSUhNMG9nS0VJQ0FnSURVN3UtMnBBRRAB,,2 years ago,2022-02-14 17:37:57.772134,4.0,Priya BhAdauria,0,0,https://www.google.com/maps/contrib/106853685160288662116/reviews?hl=en-GB
ChdDSUhNMG9nS0VJQ0FnSUNVLTZpVDZ3RRAB,(Translated by Google) Superb terrace. I recommend the L burger annex a slaughter. Very good atmosphere on Fridays and Saturdays. A professional and attentive team. I definitely recommend this place! …,2 years ago,2022-02-14 17:37:57.778884,5.0,Inma Moran,0,0,https://www.google.com/maps/contrib/118403156977174677792/reviews?hl=en-GB
ChZDSUhNMG9nS0VJQ0FnSURVeXJMNk5nEAE,,2 years ago,2022-02-14 17:37:57.783203,5.0,Charles Mauger,0,0,https://www.google.com/maps/contrib/117677092521728426190/reviews?hl=en-GB
ChdDSUhNMG9nS0VJQ0FnSURVMHU2TnJ3RRAB,"(Translated by Google) Very good. Tasty food, order came fast, good service, good price. …",2 years ago,2022-02-14 17:37:57.786949,5.0,liege lunardi,0,0,https://www.google.com/maps/contrib/113543808464378209902/reviews?hl=en-GB
ChdDSUhNMG9nS0VJQ0FnSURVa3NpSDB3RRAB,(Translated by Google) well located  (Original) bien  situé,2 years ago,2022-02-14 17:37:57.790105,4.0,Myriam Kouame,0,0,https://www.google.com/maps/contrib/113742551441297546141/reviews?hl=en-GB
ChZDSUhNMG9nS0VJQ0FnSURVc05UMGRBEAE,Great place. Good STELLA. Good company,2 years ago,2022-02-14 17:38:05.015888,5.0,Neil Johnson,0,0,https://www.google.com/maps/contrib/106132000873787911523/reviews?hl=en-GB
ChZDSUhNMG9nS0VJQ0FnSURVZ09LUFNnEAE,,2 years ago,2022-02-14 17:38:05.018427,5.0,Nicolas Clément,0,0,https://www.google.com/maps/contrib/115673618450939710132/reviews?hl=en-GB
ChZDSUhNMG9nS0VJQ0FnSUNVNjU3b2JnEAE,Food with decent portion!,2 years ago,2022-02-14 17:38:05.020954,4.0,Cheng-Yu Wu,0,0,https://www.google.com/maps/contrib/101174999968851593902/reviews?hl=en-GB
ChdDSUhNMG9nS0VJQ0FnSUNVeS12ZndBRRAB,,2 years ago,2022-02-14 17:38:05.023446,4.0,Alejandra Botas,0,0,https://www.google.com/maps/contrib/116727841047268640127/reviews?hl=en-GB
ChZDSUhNMG9nS0VJQ0FnSUNVMF9EUGRREAE,Love this place. The owners are so friendly and know us when we walk in.  It's our where everyone k owe your name place. Great coffee,2 years ago,2022-02-14 17:38:05.025940,5.0,Craig McGowan,0,0,https://www.google.com/maps/contrib/103695622398281974626/reviews?hl=en-GB
ChdDSUhNMG9nS0VJQ0FnSUNVNWZPdDB3RRAB,,2 years ago,2022-02-14 17:38:05.028809,4.0,Sandra Rodríguez,0,0,https://www.google.com/maps/contrib/101994345867538438746/reviews?hl=en-GB
ChdDSUhNMG9nS0VJQ0FnSUNVaGNxVHpRRRAB,,2 years ago,2022-02-14 17:38:05.031951,3.0,Nisha Mary,0,0,https://www.google.com/maps/contrib/117451758918545995818/reviews?hl=en-GB
ChZDSUhNMG9nS0VJQ0FnSUNVdWViR0dREAE,,2 years ago,2022-02-14 17:38:05.036246,4.0,Aruna t.valluvan,0,0,https://www.google.com/maps/contrib/111287733451577353067/reviews?hl=en-GB
ChZDSUhNMG9nS0VJQ0FnSUNVcWRLamFREAE,(Translated by Google) Excellent and friendly ... staff with little care  (Original) …,2 years ago,2022-02-14 17:38:05.041748,5.0,Gladys Olivarius,0,0,https://www.google.com/maps/contrib/110728840829911138125/reviews?hl=en-GB
ChdDSUhNMG9nS0VJQ0FnSUNVX0pXdmd3RRAB,(Translated by Google) Excellent  (Original) Exellent,2 years ago,2022-02-14 17:38:05.046051,5.0,Le PTiT -SøUcRé,0,0,https://www.google.com/maps/contrib/104832478495539788379/reviews?hl=en-GB
ChZDSUhNMG9nS0VJQ0FnSUNVNk12Zk9BEAE,,2 years ago,2022-02-14 17:38:12.245807,5.0,Isabelle JARREAU,0,0,https://www.google.com/maps/contrib/106612052459000055483/reviews?hl=en-GB
ChdDSUhNMG9nS0VJQ0FnSURrdDUzX3NRRRAB,Unfriendly staff,2 years ago,2022-02-14 17:38:12.248777,2.0,vanda tudose,0,0,https://www.google.com/maps/contrib/102250863792179312384/reviews?hl=en-GB
ChZDSUhNMG9nS0VJQ0FnSURrbDZxYVd3EAE,,2 years ago,2022-02-14 17:38:12.252139,5.0,O J,0,0,https://www.google.com/maps/contrib/113818887219781951719/reviews?hl=en-GB
ChZDSUhNMG9nS0VJQ0FnSURrdlpMc0RBEAE,,2 years ago,2022-02-14 17:38:12.256141,5.0,margaux dobé,0,0,https://www.google.com/maps/contrib/101702762855023410409/reviews?hl=en-GB
ChdDSUhNMG9nS0VJQ0FnSURrdGQ3bXVRRRAB,,2 years ago,2022-02-14 17:38:12.261636,3.0,Charles Accrobessi,0,0,https://www.google.com/maps/contrib/100953677748497010116/reviews?hl=en-GB
ChZDSUhNMG9nS0VJQ0FnSURrMWJHTE53EAE,(Translated by Google) Good place for lunch although the terrace is very noisy because the street is very busy. Their burgers are very good. …,2 years ago,2022-02-14 17:38:12.264339,4.0,Pierre Duperray,0,0,https://www.google.com/maps/contrib/104223521493970090931/reviews?hl=en-GB
ChdDSUhNMG9nS0VJQ0FnSURrMGZybDJBRRAB,"(Translated by Google) Great bar, very good reception and especially an excellent couscous. …",2 years ago,2022-02-14 17:38:12.266933,5.0,Patrice Barbesier,0,0,https://www.google.com/maps/contrib/103397912447170197845/reviews?hl=en-GB
ChZDSUhNMG9nS0VJQ0FnSURrNGI3bUhnEAE,Cool,2 years ago,2022-02-14 17:38:12.269631,5.0,David Ebanehita,0,0,https://www.google.com/maps/contrib/114256961017917493863/reviews?hl=en-GB
ChdDSUhNMG9nS0VJQ0FnSURrLUlYWDZnRRAB,,2 years ago,2022-02-14 17:38:12.273608,5.0,Brahim Bennacer,0,0,https://www.google.com/maps/contrib/110522813362977867579/reviews?hl=en-GB
ChRDSUhNMG9nS0VJQ0FnSURFb0tZaxAB,,2 years ago,2022-02-14 17:38:12.277992,5.0,George Kopic,0,0,https://www.google.com/maps/contrib/109053546932204905866/reviews?hl=en-GB
ChZDSUhNMG9nS0VJQ0FnSUNFNEwzRFlBEAE,,2 years ago,2022-02-14 17:38:19.481828,5.0,Stephane Camberlin,0,0,https://www.google.com/maps/contrib/105154832621917503013/reviews?hl=en-GB
ChZDSUhNMG9nS0VJQ0FnSUM0aGFTYWRREAE,,2 years ago,2022-02-14 17:38:19.484337,2.0,Faisal SI&T,0,0,https://www.google.com/maps/contrib/109093646201704289704/reviews?hl=en-GB
ChdDSUhNMG9nS0VJQ0FnSUM0cE1EWGx3RRAB,"Amazing food, good fast service.  We dined on the dive bar side.  Sidewalk street style bar/cafe  if you can imagine that.  We ordered fillet mignon, Caipirinha (fish on bed of green beans, zucchini, carrots in amazing garlic style sauce) …",2 years ago,2022-02-14 17:38:19.486848,5.0,Brent Wehry,0,0,https://www.google.com/maps/contrib/110730643896443009447/reviews?hl=en-GB
ChdDSUhNMG9nS0VJQ0FnSUM0cU1mYWlRRRAB,(Translated by Google) Super welcome! A bar to the cozy and family atmosphere and super serve! …,2 years ago,2022-02-14 17:38:19.489465,5.0,Naslata Chauffera,0,0,https://www.google.com/maps/contrib/107416188693133440593/reviews?hl=en-GB
ChZDSUhNMG9nS0VJQ0FnSUM0eUlpYWRnEAE,,2 years ago,2022-02-14 17:38:19.492049,5.0,Audrey Morel,0,0,https://www.google.com/maps/contrib/117296629768703915409/reviews?hl=en-GB
ChdDSUhNMG9nS0VJQ0FnSUM0Z0puMzdBRRAB,,2 years ago,2022-02-14 17:38:19.494610,5.0,Otto Pettersson,0,0,https://www.google.com/maps/contrib/103410116905238024772/reviews?hl=en-GB
ChZDSUhNMG9nS0VJQ0FnSURZbjhqOE13EAE,,2 years ago,2022-02-14 17:38:19.498489,3.0,Clara Bonhomme (CLB),0,0,https://www.google.com/maps/contrib/117898878291737830789/reviews?hl=en-GB
ChZDSUhNMG9nS0VJQ0FnSURZeDhpMElnEAE,(Translated by Google) Good coffee and a lovely owner! It has a small terrace with warm stoves for smoking. …,2 years ago,2022-02-14 17:38:19.502077,5.0,Silvia Ros Martinez,0,0,https://www.google.com/maps/contrib/111493666828908152803/reviews?hl=en-GB
ChdDSUhNMG9nS0VJQ0FnSURZMl8yZWdnRRAB,,2 years ago,2022-02-14 17:38:19.507956,4.0,Armelle Nicot,0,0,https://www.google.com/maps/contrib/115692981912624513510/reviews?hl=en-GB
ChZDSUhNMG9nS0VJQ0FnSURZcTYtX0RBEAE,,2 years ago,2022-02-14 17:38:19.511566,3.0,Kamil Yazid,0,0,https://www.google.com/maps/contrib/110588730095960901196/reviews?hl=en-GB
ChdDSUhNMG9nS0VJQ0FnSURZZzYydDJ3RRAB,(Translated by Google) It was wonderful especially the morning like that I love it anyway? …,2 years ago,2022-02-14 17:38:26.876589,5.0,Omario Diallo,0,0,https://www.google.com/maps/contrib/101215868980614619906/reviews?hl=en-GB
ChdDSUhNMG9nS0VJQ0FnSURZX1pHZmlBRRAB,(Translated by Google) Super weekend we will remember the atmosphere at the top and the team too …,2 years ago,2022-02-14 17:38:26.879252,5.0,Marie Gaudemard,0,0,https://www.google.com/maps/contrib/112904080512418588375/reviews?hl=en-GB
ChdDSUhNMG9nS0VJQ0FnSURZdGI2eXdBRRAB,,2 years ago,2022-02-14 17:38:26.882095,5.0,Vincent Coonolds,0,0,https://www.google.com/maps/contrib/104529469043550950684/reviews?hl=en-GB
ChZDSUhNMG9nS0VJQ0FnSURZenBxaUdnEAE,,2 years ago,2022-02-14 17:38:26.885223,5.0,Giovanni Tacelli,0,0,https://www.google.com/maps/contrib/112325228835776743618/reviews?hl=en-GB
ChdDSUhNMG9nS0VJQ0FnSURZanBQanRnRRAB,,2 years ago,2022-02-14 17:38:26.888239,5.0,Frederic Bertin,0,0,https://www.google.com/maps/contrib/108639315587318254199/reviews?hl=en-GB
ChdDSUhNMG9nS0VJQ0FnSURZanZXanVnRRAB,,2 years ago,2022-02-14 17:38:26.892505,5.0,Stephanie Bertin,0,0,https://www.google.com/maps/contrib/103263091693368128313/reviews?hl=en-GB
ChZDSUhNMG9nS0VJQ0FnSURZbk11U1dREAE,,2 years ago,2022-02-14 17:38:26.896162,5.0,Miljan Ljujic,0,0,https://www.google.com/maps/contrib/101334437523889831472/reviews?hl=en-GB
ChdDSUhNMG9nS0VJQ0FnSURZOUt1Yjd3RRAB,,2 years ago,2022-02-14 17:38:26.898598,5.0,Xavier VINCENT,0,0,https://www.google.com/maps/contrib/109500571864213854151/reviews?hl=en-GB
ChZDSUhNMG9nS0VJQ0FnSURZeE5hd1N3EAE,"(Translated by Google) Good restaurant, the staff is nice, the couscous was delicious. …",2 years ago,2022-02-14 17:38:26.901036,5.0,Lukas Leuzinger,0,0,https://www.google.com/maps/contrib/105899741049026829217/reviews?hl=en-GB
ChZDSUhNMG9nS0VJQ0FnSUNZcDhMR0hREAE,,2 years ago,2022-02-14 17:38:26.903569,3.0,Andrea Bennington,0,0,https://www.google.com/maps/contrib/116156607259948548714/reviews?hl=en-GB
ChZDSUhNMG9nS0VJQ0FnSUNZeXRuZktBEAE,,2 years ago,2022-02-14 17:38:34.422283,5.0,olive Dvl,0,0,https://www.google.com/maps/contrib/113720029874250059431/reviews?hl=en-GB
ChdDSUhNMG9nS0VJQ0FnSUNZb29UczFRRRAB,,2 years ago,2022-02-14 17:38:34.424744,5.0,Goundo Coulibaly,0,0,https://www.google.com/maps/contrib/117068760596546231755/reviews?hl=en-GB
ChZDSUhNMG9nS0VJQ0FnSUNZdkx2NFRREAE,,2 years ago,2022-02-14 17:38:34.427178,4.0,Rocio Costas,0,0,https://www.google.com/maps/contrib/106150433318430272727/reviews?hl=en-GB
ChdDSUhNMG9nS0VJQ0FnSUNZN1BTVHpRRRAB,(Translated by Google) Good atmosphere!  (Original) Bonne ambiance !,2 years ago,2022-02-14 17:38:34.429761,4.0,Famille Martin,0,0,https://www.google.com/maps/contrib/106549890774424380272/reviews?hl=en-GB
ChdDSUhNMG9nS0VJQ0FnSUNZNU9PTTVnRRAB,,2 years ago,2022-02-14 17:38:34.432457,3.0,camille d,0,0,https://www.google.com/maps/contrib/116722828498001984771/reviews?hl=en-GB
ChZDSUhNMG9nS0VJQ0FnSUNZeUpuUVRnEAE,,2 years ago,2022-02-14 17:38:34.435284,4.0,Mehdi El Herradi,0,0,https://www.google.com/maps/contrib/114928183987300442747/reviews?hl=en-GB
ChZDSUhNMG9nS0VJQ0FnSUNZc05uUEtnEAE,"Very good experience. Nothing fancy, but good food! Nice steak, nice sauce and everything for a very good price. The staff is really nice. If you're around the Sacre Couer, it is a very good restaurant. No reservations required. They also have la Choufe.",2 years ago,2022-02-14 17:38:34.439597,4.0,Noé Melo Filho,0,0,https://www.google.com/maps/contrib/118010691394844438290/reviews?hl=en-GB
ChdDSUhNMG9nS0VJQ0FnSUNZb1BQLXhnRRAB,,2 years ago,2022-02-14 17:38:34.444029,4.0,donna smith,0,0,https://www.google.com/maps/contrib/113181194939595086309/reviews?hl=en-GB
ChZDSUhNMG9nS0VJQ0FnSURvXzVfV01nEAE,(Translated by Google) I did not know it was possible to do a long island as bad x_x …,2 years ago,2022-02-14 17:38:34.447928,2.0,Teo,0,0,https://www.google.com/maps/contrib/108053210541894699806/reviews?hl=en-GB
ChZDSUhNMG9nS0VJQ0FnSURvdDcteFhBEAE,,2 years ago,2022-02-14 17:38:34.453017,5.0,Liliane LOPES,0,0,https://www.google.com/maps/contrib/110528151169143265080/reviews?hl=en-GB
ChZDSUhNMG9nS0VJQ0FnSURvODlPbmJREAE,"Amazing place, so lively with great music, super friendly staff. Great place to hang out and get a feel for the neighborhood.",2 years ago,2022-02-14 17:38:41.974540,5.0,Keri Lynn Engel,0,0,https://www.google.com/maps/contrib/107125674440560681441/reviews?hl=en-GB
ChZDSUhNMG9nS0VJQ0FnSURvM3BfUFBnEAE,(Translated by Google) Northern illustrious character of the Troquet. We always have a good time. …,2 years ago,2022-02-14 17:38:41.977146,5.0,Barbara Diruit,0,0,https://www.google.com/maps/contrib/113969204988207872962/reviews?hl=en-GB
ChZDSUhNMG9nS0VJQ0FnSURvN3ZMVWFREAE,(Translated by Google) Nice  (Original) Sympa,2 years ago,2022-02-14 17:38:41.980069,3.0,Zoubir ELAMRAOUI,0,0,https://www.google.com/maps/contrib/108167172468405534991/reviews?hl=en-GB
ChdDSUhNMG9nS0VJQ0FnSURvcnU3RWhBRRAB,,2 years ago,2022-02-14 17:38:41.982961,3.0,isabelle jean-marie,0,0,https://www.google.com/maps/contrib/110656153551369619780/reviews?hl=en-GB
ChdDSUhNMG9nS0VJQ0FnSURvcnJyeGd3RRAB,"(Translated by Google) Small very nice bar in the immediate vicinity of the metro red castle, there is a room in the basement and a room upstairs with concert programming. …",2 years ago,2022-02-14 17:38:41.986278,5.0,benh75020,0,0,https://www.google.com/maps/contrib/103524035610294898154/reviews?hl=en-GB
ChdDSUhNMG9nS0VJQ0FnSURvcnBqUDBRRRAB,,2 years ago,2022-02-14 17:38:41.989630,4.0,Rudolph,0,0,https://www.google.com/maps/contrib/100026232874006693162/reviews?hl=en-GB
ChZDSUhNMG9nS0VJQ0FnSURvNHBLbGJREAE,,2 years ago,2022-02-14 17:38:41.993388,4.0,Jf Durk,0,0,https://www.google.com/maps/contrib/111473258339618230052/reviews?hl=en-GB
ChZDSUhNMG9nS0VJQ0FnSURvdEtQNmZnEAE,,2 years ago,2022-02-14 17:38:41.998115,5.0,Igor Autin,0,0,https://www.google.com/maps/contrib/115532166099572410863/reviews?hl=en-GB
ChdDSUhNMG9nS0VJQ0FnSURvLUpYc3BnRRAB,,2 years ago,2022-02-14 17:38:42.000606,5.0,juan carlos palacio bedoya,0,0,https://www.google.com/maps/contrib/100922604555319686934/reviews?hl=en-GB
ChdDSUhNMG9nS0VJQ0FnSURvaUlYSm9nRRAB,,2 years ago,2022-02-14 17:38:42.003022,4.0,Tarik HAMEDI,0,0,https://www.google.com/maps/contrib/110574701309588571348/reviews?hl=en-GB
ChdDSUhNMG9nS0VJQ0FnSUNvOTlqNDJBRRAB,(Translated by Google) Superb  (Original) Superbe,2 years ago,2022-02-14 17:38:49.527791,4.0,Slimane Filali,0,0,https://www.google.com/maps/contrib/106441885249112893119/reviews?hl=en-GB
ChdDSUhNMG9nS0VJQ0FnSUNvLTlxSHp3RRAB,,2 years ago,2022-02-14 17:38:49.530318,3.0,Luckyseven,0,0,https://www.google.com/maps/contrib/111870598980459079961/reviews?hl=en-GB
ChZDSUhNMG9nS0VJQ0FnSUNvallYa1p3EAE,,2 years ago,2022-02-14 17:38:49.532820,5.0,Jennifer Jinkins,0,0,https://www.google.com/maps/contrib/101554062396633132062/reviews?hl=en-GB
ChZDSUhNMG9nS0VJQ0FnSUNvNGNXS09BEAE,,2 years ago,2022-02-14 17:38:49.535191,5.0,Ronan Quere,0,0,https://www.google.com/maps/contrib/110495231725251366436/reviews?hl=en-GB
ChZDSUhNMG9nS0VJQ0FnSUNvb2VMZkd3EAE,(Translated by Google) Nice bar that makes restaurant too!  (Original) …,2 years ago,2022-02-14 17:38:49.537853,5.0,JPh Knut-Bijoux,0,0,https://www.google.com/maps/contrib/102690721660490822238/reviews?hl=en-GB
ChZDSUhNMG9nS0VJQ0FnSUNvX3Yzb2JBEAE,"(Translated by Google) A welcome at the top, always a warm atmosphere, just nickel 👌🏽 …",2 years ago,2022-02-14 17:38:49.541466,5.0,Hicham Abdoul,0,0,https://www.google.com/maps/contrib/117206725732529945628/reviews?hl=en-GB
ChdDSUhNMG9nS0VJQ0FnSUNvbnF5X3B3RRAB,,2 years ago,2022-02-14 17:38:49.544382,4.0,Sara Maccarone,0,0,https://www.google.com/maps/contrib/117806116316745981679/reviews?hl=en-GB
ChdDSUhNMG9nS0VJQ0FnSUNvam9yN3F3RRAB,,2 years ago,2022-02-14 17:38:49.548082,3.0,Jenny & Damien Saubsen,0,0,https://www.google.com/maps/contrib/107483521328795592021/reviews?hl=en-GB
ChdDSUhNMG9nS0VJQ0FnSUNvckpUSWdBRRAB,,3 years ago,2022-02-14 17:38:49.552506,5.0,Laura Estrella Chamborro Martínez,0,0,https://www.google.com/maps/contrib/114131383608945481110/reviews?hl=en-GB
ChZDSUhNMG9nS0VJQ0FnSURJODhDU0RBEAE,"(Translated by Google) A ""troquet"" a little rejuvenated, with a friendly server, a good wine list by the glass, 5 €. It is Sunday night 18h so it's quiet, normal. …",3 years ago,2022-02-14 17:38:49.555059,4.0,Wilfrid Pavageau,0,0,https://www.google.com/maps/contrib/104555241922796497184/reviews?hl=en-GB
ChdDSUhNMG9nS0VJQ0FnSURJazRHN21nRRAB,(Translated by Google) Good place for brunch  (Original) Bon endroit pour bruncher,3 years ago,2022-02-14 17:38:57.150917,4.0,Jason Keller,0,0,https://www.google.com/maps/contrib/113034044611300356695/reviews?hl=en-GB
ChZDSUhNMG9nS0VJQ0FnSURJdmRHdlNREAE,,3 years ago,2022-02-14 17:38:57.153384,5.0,stergios koutelidas,0,0,https://www.google.com/maps/contrib/101585070941242545547/reviews?hl=en-GB
ChdDSUhNMG9nS0VJQ0FnSURJOWV6MHVRRRAB,(Translated by Google) Great atmosphere!  (Original) Super ambiance!,3 years ago,2022-02-14 17:38:57.156348,5.0,flo G,0,0,https://www.google.com/maps/contrib/114790518616326173960/reviews?hl=en-GB
ChdDSUhNMG9nS0VJQ0FnSURJcHB5a29nRRAB,,3 years ago,2022-02-14 17:38:57.159033,5.0,Andra Samoila,0,0,https://www.google.com/maps/contrib/101133138050173146479/reviews?hl=en-GB
ChZDSUhNMG9nS0VJQ0FnSURBMXRxdk1BEAE,We had a food time!,3 years ago,2022-02-14 17:38:57.161849,4.0,Marta Maria Libera Baptista,0,0,https://www.google.com/maps/contrib/111723457854573098717/reviews?hl=en-GB
ChdDSUhNMG9nS0VJQ0FnSURJeXZhVV9BRRAB,,3 years ago,2022-02-14 17:38:57.165518,4.0,Luis Santiago,0,0,https://www.google.com/maps/contrib/103403444855616839383/reviews?hl=en-GB
ChZDSUhNMG9nS0VJQ0FnSURJaXBxWExREAE,,3 years ago,2022-02-14 17:38:57.169149,4.0,Gilles Veyrat,0,0,https://www.google.com/maps/contrib/108299601239350891853/reviews?hl=en-GB
ChdDSUhNMG9nS0VJQ0FnSURJa3NQRHlRRRAB,(Translated by Google) Excellent  (Original) Excellent,3 years ago,2022-02-14 17:38:57.175512,5.0,Farid Bouizegarene,0,0,https://www.google.com/maps/contrib/103128648450500967047/reviews?hl=en-GB
ChdDSUhNMG9nS0VJQ0FnSURJN01QaDhBRRAB,"(Translated by Google) Don't eat breakfast there. The man who makes the breakfast makes a big smile but beats the breakfast. The eggs are half scrambled half fried, cup of coffee not even half filled for a long coffee …",3 years ago,2022-02-14 17:38:57.180443,2.0,clémentine legrand,0,0,https://www.google.com/maps/contrib/106647615901814111960/reviews?hl=en-GB
ChZDSUhNMG9nS0VJQ0FnSURJbFB6UWRBEAE,,3 years ago,2022-02-14 17:38:57.184035,4.0,السباعي عبده,0,0,https://www.google.com/maps/contrib/105586146210249186238/reviews?hl=en-GB
ChdDSUhNMG9nS0VJQ0FnSUNJdjZUbHBnRRAB,Incredibly frustrating place. Service is appalling. Would avoid like the plague.,3 years ago,2022-02-14 17:39:04.875671,1.0,David Rees,0,0,https://www.google.com/maps/contrib/108859922235561647483/reviews?hl=en-GB
ChZDSUhNMG9nS0VJQ0FnSURRcGZUWlVnEAE,(Translated by Google) New decor but same spirit and an atmosphere as warm and festive as ever! …,3 years ago,2022-02-14 17:39:04.878249,5.0,Sylvain Roy,0,0,https://www.google.com/maps/contrib/107701107074580785480/reviews?hl=en-GB
ChdDSUhNMG9nS0VJQ0FnSUNJNzY3aF9RRRAB,(Translated by Google) Great bar and top waiters  (Original) Super bar et serveurs au top,3 years ago,2022-02-14 17:39:04.880801,5.0,Thomas Humbert,0,0,https://www.google.com/maps/contrib/118301438566562209739/reviews?hl=en-GB
ChZDSUhNMG9nS0VJQ0FnSUNJZ3F5dmZ3EAE,(Translated by Google) Best bar in the area  (Original) Meilleur bar du quartier,3 years ago,2022-02-14 17:39:04.883453,5.0,Hugo ALBERT,0,0,https://www.google.com/maps/contrib/112361085680452864098/reviews?hl=en-GB
ChdDSUhNMG9nS0VJQ0FnSUNJaTY2Q3B3RRAB,,3 years ago,2022-02-14 17:39:04.885958,5.0,Simon Labroue,0,0,https://www.google.com/maps/contrib/102795324397491472576/reviews?hl=en-GB
ChdDSUhNMG9nS0VJQ0FnSUNJNDdYdXV3RRAB,,3 years ago,2022-02-14 17:39:04.888380,3.0,camara camara,0,0,https://www.google.com/maps/contrib/113270630787234684034/reviews?hl=en-GB
ChZDSUhNMG9nS0VJQ0FnSUN3b0xhRVFBEAE,,3 years ago,2022-02-14 17:39:04.890796,5.0,sarah guest,0,0,https://www.google.com/maps/contrib/115972651475343835691/reviews?hl=en-GB
ChdDSUhNMG9nS0VJQ0FnSUNJemJLS3hnRRAB,"(Translated by Google) Expensive, poor food, and poorly cared for  (Original) …",3 years ago,2022-02-14 17:39:04.893420,1.0,C R,0,0,https://www.google.com/maps/contrib/104559718006108237544/reviews?hl=en-GB
ChdDSUhNMG9nS0VJQ0FnSUNJLWJpSjlnRRAB,,3 years ago,2022-02-14 17:39:04.896273,5.0,Mikhail Korzinkin,0,0,https://www.google.com/maps/contrib/108454575426076482197/reviews?hl=en-GB
ChZDSUhNMG9nS0VJQ0FnSUNJdWRHbVFnEAE,"We love this place, we ate here twice while staying in Montmarte, the waiter made us feel like we were family and remembered us the second time we ate there and treated us like old friends. I like that it has vegetarian options with a modern take on traditional french food. We will miss this place!",3 years ago,2022-02-14 17:39:04.900803,5.0,Mary Melton,0,0,https://www.google.com/maps/contrib/104757981525443005391/reviews?hl=en-GB
ChdDSUhNMG9nS0VJQ0FnSUNJeVlEMjF3RRAB,,3 years ago,2022-02-14 17:39:12.638908,5.0,Mokrane AMELLAL,0,0,https://www.google.com/maps/contrib/103182416386117090580/reviews?hl=en-GB
ChdDSUhNMG9nS0VJQ0FnSUNJc2REcDd3RRAB,,3 years ago,2022-02-14 17:39:12.641592,4.0,Joseph Rodríguez M,0,0,https://www.google.com/maps/contrib/105010422449395454963/reviews?hl=en-GB
ChZDSUhNMG9nS0VJQ0FnSUNJZ2F6WVR3EAE,,3 years ago,2022-02-14 17:39:12.645819,5.0,Gerry Coleman,0,0,https://www.google.com/maps/contrib/102255991989648516130/reviews?hl=en-GB
ChdDSUhNMG9nS0VJQ0FnSUNJdG9DcXV3RRAB,Very nice service,3 years ago,2022-02-14 17:39:12.648687,4.0,Yuki Weng,0,0,https://www.google.com/maps/contrib/106437113016375262070/reviews?hl=en-GB
ChdDSUhNMG9nS0VJQ0FnSUNJOHVLXzlnRRAB,,3 years ago,2022-02-14 17:39:12.651992,4.0,eric vacquier,0,0,https://www.google.com/maps/contrib/102404735923260408780/reviews?hl=en-GB
ChdDSUhNMG9nS0VJQ0FnSUNvaGItbnhRRRAB,(Translated by Google) Really nice !  (Original) Super sympa !,3 years ago,2022-02-14 17:39:12.655172,4.0,Jimmy Nutini,0,0,https://www.google.com/maps/contrib/114549642904455075679/reviews?hl=en-GB
ChZDSUhNMG9nS0VJQ0FnSUNJdktTN1RREAE,,3 years ago,2022-02-14 17:39:12.660250,4.0,Fred Lavigne,0,0,https://www.google.com/maps/contrib/113288638829688745028/reviews?hl=en-GB
ChZDSUhNMG9nS0VJQ0FnSUR3aVlxaU9BEAE,,3 years ago,2022-02-14 17:39:12.664342,4.0,Andreas Hoffmann,0,0,https://www.google.com/maps/contrib/100445813212084233404/reviews?hl=en-GB
ChZDSUhNMG9nS0VJQ0FnSUR3M3BEZ2FBEAE,,3 years ago,2022-02-14 17:39:12.667316,4.0,julie andrews,0,0,https://www.google.com/maps/contrib/108485680410711057495/reviews?hl=en-GB
ChdDSUhNMG9nS0VJQ0FnSUR3bU1iT2dnRRAB,,3 years ago,2022-02-14 17:39:12.669952,5.0,Gulay KOZLUDERE,0,0,https://www.google.com/maps/contrib/100901448472930686453/reviews?hl=en-GB
ChZDSUhNMG9nS0VJQ0FnSUR3ME9mcUJ3EAE,Great place!!,3 years ago,2022-02-14 17:39:20.660111,5.0,Flavio Mayerhofer,0,0,https://www.google.com/maps/contrib/100805239940359381258/reviews?hl=en-GB
ChdDSUhNMG9nS0VJQ0FnSUR3aEs2UXd3RRAB,"Correct prices and quality of the food on the menu, typical bar in a bustling neighbourgood, great cheese and porkmeat boards. I'll eat there again when nearby!",3 years ago,2022-02-14 17:39:20.662953,4.0,Koen De Vocht,0,0,https://www.google.com/maps/contrib/116392606064391230650/reviews?hl=en-GB
ChZDSUhNMG9nS0VJQ0FnSUN3b1pLTUJ3EAE,I love this place,3 years ago,2022-02-14 17:39:20.665495,4.0,Abdulhadi Arrat,0,0,https://www.google.com/maps/contrib/105398883187762751070/reviews?hl=en-GB
ChZDSUhNMG9nS0VJQ0FnSUN3b2J6MEZBEAE,"(Translated by Google) Good bar, very welcome. Impeccable and super fast service Very interesting happy hours: 6 € for a wide choice of cocktails / beers (The …",3 years ago,2022-02-14 17:39:20.668072,5.0,Shane NY,0,0,https://www.google.com/maps/contrib/117209067670683585668/reviews?hl=en-GB
ChdDSUhNMG9nS0VJQ0FnSUNnN3V1U3ZnRRAB,(Translated by Google) Wonderful time spent in this venue. I recommend the typical cheese platter and of course the French wine. Highly recommended …,3 years ago,2022-02-14 17:39:20.670622,5.0,Francesco Martignon,0,0,https://www.google.com/maps/contrib/113649468549461428579/reviews?hl=en-GB
ChZDSUhNMG9nS0VJQ0FnSURBbmRTWFdnEAE,(Translated by Google) Excellent place  (Original) Excellent endroit,3 years ago,2022-02-14 17:39:20.674221,5.0,Celine porcher,0,0,https://www.google.com/maps/contrib/112825202693544331443/reviews?hl=en-GB
ChZDSUhNMG9nS0VJQ0FnSUNBcDhucEpBEAE,,3 years ago,2022-02-14 17:39:20.679806,3.0,Lilian Cipriano,0,0,https://www.google.com/maps/contrib/117881133444662521543/reviews?hl=en-GB
ChdDSUhNMG9nS0VJQ0FnSUN3bThpRDF3RRAB,(Translated by Google) Unique!  (Original) Unica!,3 years ago,2022-02-14 17:39:20.682637,4.0,Debora Manfreda,0,0,https://www.google.com/maps/contrib/109971274944431393115/reviews?hl=en-GB
ChZDSUhNMG9nS0VJQ0FnSURRMU5ELWRREAE,,3 years ago,2022-02-14 17:39:20.686259,3.0,christophe bavoillot,0,0,https://www.google.com/maps/contrib/110080569463097125991/reviews?hl=en-GB
ChdDSUhNMG9nS0VJQ0FnSUNnaXBHZndnRRAB,,3 years ago,2022-02-14 17:39:20.691160,1.0,Thomas -,0,0,https://www.google.com/maps/contrib/101229650430628446341/reviews?hl=en-GB
ChZDSUhNMG9nS0VJQ0FnSUN3eFplTURnEAE,"(Translated by Google) Friendly service, I ordered a steak and sautéed potatoes; really not disappointed. Pleasant!!! …",3 years ago,2022-02-14 17:39:28.659711,3.0,Yanick Dongmo Gueguim,0,0,https://www.google.com/maps/contrib/113434784800485635702/reviews?hl=en-GB
ChdDSUhNMG9nS0VJQ0FnSURRdWFIUXp3RRAB,,3 years ago,2022-02-14 17:39:28.662404,5.0,Céline Sifodil,0,0,https://www.google.com/maps/contrib/107631184067886954142/reviews?hl=en-GB
ChdDSUhNMG9nS0VJQ0FnSURBbjg3UTRnRRAB,,3 years ago,2022-02-14 17:39:28.665245,5.0,susana tomas,0,0,https://www.google.com/maps/contrib/114837633973351893472/reviews?hl=en-GB
ChdDSUhNMG9nS0VJQ0FnSURBcy1yQXJ3RRAB,,3 years ago,2022-02-14 17:39:28.667956,3.0,Contactos Mdor,0,0,https://www.google.com/maps/contrib/109000184211050708017/reviews?hl=en-GB
ChdDSUhNMG9nS0VJQ0FnSUN3OU0tdnlRRRAB,(Translated by Google) Very warm welcome and great couscous  (Original) …,3 years ago,2022-02-14 17:39:28.670659,5.0,Catherine Costes,0,0,https://www.google.com/maps/contrib/112696607645263724480/reviews?hl=en-GB
ChZDSUhNMG9nS0VJQ0FnSUNROGNPc0t3EAE,,3 years ago,2022-02-14 17:39:28.673861,3.0,Samuel Nomdedeu,0,0,https://www.google.com/maps/contrib/110026144914833678509/reviews?hl=en-GB
ChZDSUhNMG9nS0VJQ0FnSUNncmJuS0F3EAE,,3 years ago,2022-02-14 17:39:28.676817,4.0,Krieg Antony,0,0,https://www.google.com/maps/contrib/102979998584479690144/reviews?hl=en-GB
ChZDSUhNMG9nS0VJQ0FnSURRdmMtb1BREAE,,3 years ago,2022-02-14 17:39:28.681451,5.0,Jonelle Maras,0,0,https://www.google.com/maps/contrib/114437115625849799373/reviews?hl=en-GB
ChZDSUhNMG9nS0VJQ0FnSURBeW9Ea1NBEAE,Good French food. Pleasantly surprised.,3 years ago,2022-02-14 17:39:28.684895,5.0,Michele Gualco,0,0,https://www.google.com/maps/contrib/109887116933213256745/reviews?hl=en-GB
ChdDSUhNMG9nS0VJQ0FnSUNnbC1fNmlnRRAB,,3 years ago,2022-02-14 17:39:28.687375,3.0,Lucy Arroyo,0,0,https://www.google.com/maps/contrib/108092781643897451601/reviews?hl=en-GB
ChZDSUhNMG9nS0VJQ0FnSUNRMW8za1lnEAE,,3 years ago,2022-02-14 17:39:36.908339,5.0,Susana Gradim,0,0,https://www.google.com/maps/contrib/101387703341500500877/reviews?hl=en-GB
ChZDSUhNMG9nS0VJQ0FnSUNRb3R1T1V3EAE,"(Translated by Google) We ate there as a family (4 children), I have nothing but good to say! Lots of homemade things! Super nice staff and very commercial! Quite reasonable prices! We highly recommend! Thanks again for a great time! …",3 years ago,2022-02-14 17:39:36.911074,5.0,Teddy duthel,0,0,https://www.google.com/maps/contrib/107915008801591390644/reviews?hl=en-GB
ChZDSUhNMG9nS0VJQ0FnSUNRcjYtbWRBEAE,,3 years ago,2022-02-14 17:39:36.913605,3.0,Ivo Ivo,0,0,https://www.google.com/maps/contrib/103078863316248298682/reviews?hl=en-GB
ChdDSUhNMG9nS0VJQ0FnSUNRNWNhanN3RRAB,"(Translated by Google) We got there by subway which has a stop nearby. The bar is well immersed in the type of neighborhood it is in. I would have awarded 5 stars if the barman, perhaps the owner, hadn't put the lemon slice in the bottle …",3 years ago,2022-02-14 17:39:36.916183,4.0,rino liguori,0,0,https://www.google.com/maps/contrib/103933503213839999326/reviews?hl=en-GB
ChZDSUhNMG9nS0VJQ0FnSUN3eG95OVZnEAE,Good place,3 years ago,2022-02-14 17:39:36.918733,4.0,oz AnatoliA,0,0,https://www.google.com/maps/contrib/107895656705577497262/reviews?hl=en-GB
ChdDSUhNMG9nS0VJQ0FnSURRd3VTaTNBRRAB,Great food. Fair prices. Trendy urban neighborhood. Steps from Le Sacre Coure. Service sucks! This is my 4th time eating here. I recommended if you not too sensitive about the service quality.,3 years ago,2022-02-14 17:39:36.921245,4.0,Catire,0,0,https://www.google.com/maps/contrib/113912138873649599323/reviews?hl=en-GB
ChdDSUhNMG9nS0VJQ0FnSURRMTY2ajFBRRAB,,3 years ago,2022-02-14 17:39:36.923767,4.0,Robert Wolting,0,0,https://www.google.com/maps/contrib/101123775741212184094/reviews?hl=en-GB
ChZDSUhNMG9nS0VJQ0FnSUNnclotT1J3EAE,,3 years ago,2022-02-14 17:39:36.926185,5.0,Cedric Morvan,0,0,https://www.google.com/maps/contrib/103665288121935787012/reviews?hl=en-GB
ChZDSUhNMG9nS0VJQ0FnSURBcG9yMkdREAE,,3 years ago,2022-02-14 17:39:36.928609,4.0,Vjikook Oppa,0,0,https://www.google.com/maps/contrib/111285921038319400780/reviews?hl=en-GB
ChZDSUhNMG9nS0VJQ0FnSUNBaUp5a2ZBEAE,,3 years ago,2022-02-14 17:39:36.931125,5.0,Steven Guayaquil,0,0,https://www.google.com/maps/contrib/116542383314442599643/reviews?hl=en-GB
ChdDSUhNMG9nS0VJQ0FnSUNRNFBiNnBRRRAB,"(Translated by Google) Very good bar, inexpensive, good atmosphere, with staff and security always on top and smiling! …",3 years ago,2022-02-14 17:39:44.973575,5.0,Luc O,0,0,https://www.google.com/maps/contrib/113544805683105034809/reviews?hl=en-GB
ChdDSUhNMG9nS0VJQ0FnSUN3cVppSDZBRRAB,,3 years ago,2022-02-14 17:39:44.976117,3.0,Gauthier Rolland,0,0,https://www.google.com/maps/contrib/107006504852956278565/reviews?hl=en-GB
ChdDSUhNMG9nS0VJQ0FnSURnMFlTdTBRRRAB,,3 years ago,2022-02-14 17:39:44.978896,5.0,Pierre-Alix Binet,0,0,https://www.google.com/maps/contrib/113288594034131232967/reviews?hl=en-GB
ChdDSUhNMG9nS0VJQ0FnSUN3enFYaThBRRAB,,3 years ago,2022-02-14 17:39:44.981336,5.0,Salman K.,0,0,https://www.google.com/maps/contrib/116334494194422078982/reviews?hl=en-GB
ChdDSUhNMG9nS0VJQ0FnSUNRbE9EeHFRRRAB,,3 years ago,2022-02-14 17:39:44.983838,4.0,Antoine markovic,0,0,https://www.google.com/maps/contrib/117079653851458515495/reviews?hl=en-GB
ChdDSUhNMG9nS0VJQ0FnSUNnLUxLdnpBRRAB,,3 years ago,2022-02-14 17:39:44.986210,5.0,Isabelle Gadais,0,0,https://www.google.com/maps/contrib/106251889496226371825/reviews?hl=en-GB
ChdDSUhNMG9nS0VJQ0FnSURRNlBhcWpnRRAB,,3 years ago,2022-02-14 17:39:44.988553,5.0,Meziane Yacoub,0,0,https://www.google.com/maps/contrib/103731909876897164234/reviews?hl=en-GB
ChZDSUhNMG9nS0VJQ0FnSURRcXNEbFR3EAE,"(Translated by Google) Fast, friendly, great atmosphere  (Original) Rapide, sympa, bonne ambiance",3 years ago,2022-02-14 17:39:44.991261,5.0,Corentin Perreau,0,0,https://www.google.com/maps/contrib/101637672499236320919/reviews?hl=en-GB
ChdDSUhNMG9nS0VJQ0FnSURBanNyMGlnRRAB,,3 years ago,2022-02-14 17:39:44.994549,3.0,ツ,0,0,https://www.google.com/maps/contrib/105286083580375565244/reviews?hl=en-GB
ChdDSUhNMG9nS0VJQ0FnSUN3cEp6M2dBRRAB,"(Translated by Google) Friendly place, great atmosphere and whether it is the waiters, the security (very present but discreet) and the customers, everyone is cool …",3 years ago,2022-02-14 17:39:44.997897,4.0,Mickael Quillet,0,0,https://www.google.com/maps/contrib/112990276881835887465/reviews?hl=en-GB
ChdDSUhNMG9nS0VJQ0FnSURBMTlYdTJBRRAB,,3 years ago,2022-02-14 17:39:53.130238,4.0,Camille Narcy,0,0,https://www.google.com/maps/contrib/100194573462877308726/reviews?hl=en-GB
ChdDSUhNMG9nS0VJQ0FnSUNnbjRIb293RRAB,"(Translated by Google) Another typical Paris tourism establishment, with no knowledge of a language other than their own and little interest in understanding you. (Note that I speak 4 languages ​​and understand 5) French no. …",3 years ago,2022-02-14 17:39:53.132694,3.0,jose Arbajo,0,0,https://www.google.com/maps/contrib/111839810783523605111/reviews?hl=en-GB
ChZDSUhNMG9nS0VJQ0FnSURRNmZyZGJnEAE,,3 years ago,2022-02-14 17:39:53.135734,4.0,Guillaume Quercy,0,0,https://www.google.com/maps/contrib/101851478925025101392/reviews?hl=en-GB
ChdDSUhNMG9nS0VJQ0FnSUNnaHFxaXFnRRAB,"(Translated by Google) Nice place to eat. Happy hour (reduced price, not half price) …",3 years ago,2022-02-14 17:39:53.138369,4.0,Romina Ierullo,0,0,https://www.google.com/maps/contrib/112847089923915613202/reviews?hl=en-GB
ChZDSUhNMG9nS0VJQ0FnSUNBdDVxQmJ3EAE,,3 years ago,2022-02-14 17:39:53.140918,4.0,Gülüstan Türk,0,0,https://www.google.com/maps/contrib/115523607019432436452/reviews?hl=en-GB
ChZDSUhNMG9nS0VJQ0FnSURnaWRudFVnEAE,,3 years ago,2022-02-14 17:39:53.143339,5.0,Arthur Mariani,0,0,https://www.google.com/maps/contrib/103310959024899122904/reviews?hl=en-GB
ChZDSUhNMG9nS0VJQ0FnSUNBa2Flek93EAE,,3 years ago,2022-02-14 17:39:53.147933,4.0,Na D.,0,0,https://www.google.com/maps/contrib/115568206812079902300/reviews?hl=en-GB
ChZDSUhNMG9nS0VJQ0FnSURBMXFHMUtREAE,,3 years ago,2022-02-14 17:39:53.151174,4.0,Jon McB,0,0,https://www.google.com/maps/contrib/104235300430710768414/reviews?hl=en-GB
ChdDSUhNMG9nS0VJQ0FnSURnel9XYTdnRRAB,(Translated by Google) Top brunch!  (Original) Brunch top!,3 years ago,2022-02-14 17:39:53.154137,5.0,simon (Sigmund),0,0,https://www.google.com/maps/contrib/118371862908054844248/reviews?hl=en-GB
ChdDSUhNMG9nS0VJQ0FnSURRaTVpeTh3RRAB,(Translated by Google) Street tables are small  (Original) Уличные столики маловаты,3 years ago,2022-02-14 17:39:53.159403,4.0,Юлий «Юс» Венков,0,0,https://www.google.com/maps/contrib/116484108131748551227/reviews?hl=en-GB
ChdDSUhNMG9nS0VJQ0FnSUNRZzZ6NXh3RRAB,,3 years ago,2022-02-14 17:40:01.458193,3.0,Zulay Hurtado,0,0,https://www.google.com/maps/contrib/103726678610749618050/reviews?hl=en-GB
ChZDSUhNMG9nS0VJQ0FnSURnbGEzNlJBEAE,Awesome place with wonderful Parisian service. The fish sandwich was tres magnifique!!!!!!,3 years ago,2022-02-14 17:40:01.460713,5.0,GRC,0,0,https://www.google.com/maps/contrib/103935860814841139699/reviews?hl=en-GB
ChZDSUhNMG9nS0VJQ0FnSURBeFAyQktREAE,,3 years ago,2022-02-14 17:40:01.463197,5.0,Lynsey Saeys,0,0,https://www.google.com/maps/contrib/106953021344167309592/reviews?hl=en-GB
ChZDSUhNMG9nS0VJQ0FnSUNBbnFyWkNREAE,(Translated by Google) Nice lunch spot. Good food and relatively cheap  (Original) …,3 years ago,2022-02-14 17:40:01.465822,3.0,Daniel Odervång,0,0,https://www.google.com/maps/contrib/105049829673316046907/reviews?hl=en-GB
ChdDSUhNMG9nS0VJQ0FnSUNBcHQzcHlBRRAB,(Translated by Google) A good neighborhood bar. Coffee croissants at the counter …,3 years ago,2022-02-14 17:40:01.469469,4.0,Emmanuel LE STRAT,0,0,https://www.google.com/maps/contrib/112062632372651820139/reviews?hl=en-GB
ChRDSUhNMG9nS0VJQ0FnSUNRcF8wdRAB,👍,3 years ago,2022-02-14 17:40:01.473228,3.0,Lottie Holmgren,0,0,https://www.google.com/maps/contrib/116532637379325293552/reviews?hl=en-GB
ChZDSUhNMG9nS0VJQ0FnSURRNFpYY1lREAE,,3 years ago,2022-02-14 17:40:01.478272,5.0,Yann Pasquiou,0,0,https://www.google.com/maps/contrib/111262702839658686531/reviews?hl=en-GB
ChdDSUhNMG9nS0VJQ0FnSURBM3RuU19RRRAB,,3 years ago,2022-02-14 17:40:01.481964,5.0,Nicolas Cretin,0,0,https://www.google.com/maps/contrib/106196332780002697357/reviews?hl=en-GB
ChdDSUhNMG9nS0VJQ0FnSURBenNHaXF3RRAB,,3 years ago,2022-02-14 17:40:01.486063,4.0,Omar Marzougui,0,0,https://www.google.com/maps/contrib/104645564190972031050/reviews?hl=en-GB
ChdDSUhNMG9nS0VJQ0FnSUNRZ3FTQnZnRRAB,(Translated by Google) Great atmosphere and the servers are Top !!  (Original) …,3 years ago,2022-02-14 17:40:01.489018,5.0,Antoine Braguy,0,0,https://www.google.com/maps/contrib/107902101179029079696/reviews?hl=en-GB
ChZDSUhNMG9nS0VJQ0FnSUNRLUx6YVFREAE,(Translated by Google) Warm welcome !  (Original) Accueil chaleureux !,3 years ago,2022-02-14 17:40:09.844874,5.0,Bertrand VINCENT,0,0,https://www.google.com/maps/contrib/104048976046184425172/reviews?hl=en-GB
ChZDSUhNMG9nS0VJQ0FnSURBNEkyZGVREAE,,3 years ago,2022-02-14 17:40:09.847514,5.0,Chloé Hac,0,0,https://www.google.com/maps/contrib/115196963742224331930/reviews?hl=en-GB
ChZDSUhNMG9nS0VJQ0FnSUNBLU52UktREAE,,3 years ago,2022-02-14 17:40:09.850012,5.0,franck firmin,0,0,https://www.google.com/maps/contrib/100880543100245572731/reviews?hl=en-GB
ChdDSUhNMG9nS0VJQ0FnSURBMl9fRTVnRRAB,"(Translated by Google) Super welcome, warm friendly and family places !! Come and discover absolutely when you are in Paris …",3 years ago,2022-02-14 17:40:09.852537,5.0,Myriam Feron,0,0,https://www.google.com/maps/contrib/109430404856647242173/reviews?hl=en-GB
ChZDSUhNMG9nS0VJQ0FnSUNneHVhaE93EAE,"(Translated by Google) Amazingly tasty French food, pleasant service  (Original) …",3 years ago,2022-02-14 17:40:09.855445,5.0,Людмила Мегера,0,0,https://www.google.com/maps/contrib/109152766875704720967/reviews?hl=en-GB
ChdDSUhNMG9nS0VJQ0FnSUN3NGZybHhRRRAB,,3 years ago,2022-02-14 17:40:09.857974,4.0,Anthony Araba,0,0,https://www.google.com/maps/contrib/106655759820085130128/reviews?hl=en-GB
ChdDSUhNMG9nS0VJQ0FnSURBbEpuNTJ3RRAB,(Translated by Google) A very nice bar. Quality drinks and dishes. Pleasant service. …,3 years ago,2022-02-14 17:40:09.860457,5.0,J. “Artylife”,0,0,https://www.google.com/maps/contrib/101948678659344916646/reviews?hl=en-GB
ChdDSUhNMG9nS0VJQ0FnSURRdU9fQm53RRAB,,3 years ago,2022-02-14 17:40:09.863324,4.0,Stephanie Poirier,0,0,https://www.google.com/maps/contrib/102357161556116261976/reviews?hl=en-GB
ChdDSUhNMG9nS0VJQ0FnSUNBbHZYeXZ3RRAB,"(Translated by Google) Great bars where the servers are too nice, pleasant, confidence reigns and we want to give it back. It changes from other Parisian bars. But do not come because it is already too crowded with people on Saturday …",3 years ago,2022-02-14 17:40:09.866643,5.0,Alexandra Lapierre,0,0,https://www.google.com/maps/contrib/101541109330407252986/reviews?hl=en-GB
ChdDSUhNMG9nS0VJQ0FnSUNRdnJmYmxBRRAB,,3 years ago,2022-02-14 17:40:09.870005,4.0,Ingo Hölters,0,0,https://www.google.com/maps/contrib/105606866300666170725/reviews?hl=en-GB
ChdDSUhNMG9nS0VJQ0FnSUNBaDlyeWl3RRAB,,3 years ago,2022-02-14 17:40:18.249826,5.0,Julien Haze,0,0,https://www.google.com/maps/contrib/114278360379771795461/reviews?hl=en-GB
ChZDSUhNMG9nS0VJQ0FnSURnc2M2UU1REAE,(Translated by Google) crazy team! I recommend  (Original) …,3 years ago,2022-02-14 17:40:18.252369,5.0,Christopher DE SOUSA,0,0,https://www.google.com/maps/contrib/111112698169055898283/reviews?hl=en-GB
ChdDSUhNMG9nS0VJQ0FnSURBdzdxdDVBRRAB,,3 years ago,2022-02-14 17:40:18.254815,5.0,Cherif Rakene,0,0,https://www.google.com/maps/contrib/104137163069269747862/reviews?hl=en-GB
ChZDSUhNMG9nS0VJQ0FnSURRNzdiZlBBEAE,,4 years ago,2022-02-14 17:40:18.257791,4.0,laure fernandes,0,0,https://www.google.com/maps/contrib/114692682296064120372/reviews?hl=en-GB
ChZDSUhNMG9nS0VJQ0FnSUN3cDREbENBEAE,(Translated by Google) Everything is authentic and will meet the expectations of those who want a place where everything is true with mastered dishes and a warm welcome. …,4 years ago,2022-02-14 17:40:18.260285,5.0,Antoine Petat,0,0,https://www.google.com/maps/contrib/117372744366662740219/reviews?hl=en-GB
ChZDSUhNMG9nS0VJQ0FnSURBXy1IaUZREAE,,4 years ago,2022-02-14 17:40:18.263587,5.0,Mathilde W,0,0,https://www.google.com/maps/contrib/112171947561738894729/reviews?hl=en-GB
ChdDSUhNMG9nS0VJQ0FnSURBaWNPaXF3RRAB,(Translated by Google) You can't miss it beautiful  (Original) …,4 years ago,2022-02-14 17:40:18.267142,5.0,Marisol Roblin,0,0,https://www.google.com/maps/contrib/116824411081900093463/reviews?hl=en-GB
ChdDSUhNMG9nS0VJQ0FnSURBa3UtWTJRRRAB,Loved this bar...excellent staff and so welcoming....enjoyed happy hour immensely!!! Clean and efficient table service...with nibbles! Definitely would go back.,4 years ago,2022-02-14 17:40:18.270341,5.0,Lynn Ryan,0,0,https://www.google.com/maps/contrib/101809895910504569443/reviews?hl=en-GB
ChdDSUhNMG9nS0VJQ0FnSUNnX1pycWxBRRAB,,4 years ago,2022-02-14 17:40:18.276035,4.0,Soukaina Lakhdar,0,0,https://www.google.com/maps/contrib/101418309146783486255/reviews?hl=en-GB
ChZDSUhNMG9nS0VJQ0FnSURnaExEZFhREAE,,4 years ago,2022-02-14 17:40:18.278524,5.0,Niraj Karmacharya,0,0,https://www.google.com/maps/contrib/111887214036219254558/reviews?hl=en-GB
ChdDSUhNMG9nS0VJQ0FnSURRcXFYenZ3RRAB,,4 years ago,2022-02-14 17:40:26.816916,4.0,David Young,0,0,https://www.google.com/maps/contrib/103700524506194276073/reviews?hl=en-GB
ChZDSUhNMG9nS0VJQ0FnSUNRcDVQMFBnEAE,,4 years ago,2022-02-14 17:40:26.819357,5.0,Renata F.,0,0,https://www.google.com/maps/contrib/106298840592683778760/reviews?hl=en-GB
ChdDSUhNMG9nS0VJQ0FnSUNncG9lcm9BRRAB,(Translated by Google) Place to enjoy  (Original) Lugar para disfrutar,4 years ago,2022-02-14 17:40:26.822885,5.0,cesar gustavo monzalvo gomez,0,0,https://www.google.com/maps/contrib/105110335387141006907/reviews?hl=en-GB
ChdDSUhNMG9nS0VJQ0FnSUNnNEplQS1BRRAB,(Translated by Google) The beers are served at a very very impressive speed. And they are not very expensive. …,4 years ago,2022-02-14 17:40:26.825616,5.0,Laurent Ghi,0,0,https://www.google.com/maps/contrib/106577337302434410465/reviews?hl=en-GB
ChdDSUhNMG9nS0VJQ0FnSUN3a2RQZXh3RRAB,,4 years ago,2022-02-14 17:40:26.828335,5.0,Amel Ouldtayeb,0,0,https://www.google.com/maps/contrib/110688901367979466964/reviews?hl=en-GB
ChZDSUhNMG9nS0VJQ0FnSURnckk3YlBnEAE,,4 years ago,2022-02-14 17:40:26.830940,5.0,lila gelbard,0,0,https://www.google.com/maps/contrib/116512887345766958519/reviews?hl=en-GB
ChZDSUhNMG9nS0VJQ0FnSUNRNDRheVBREAE,,4 years ago,2022-02-14 17:40:26.833521,4.0,fabricio Medeiros,0,0,https://www.google.com/maps/contrib/118396850244273299831/reviews?hl=en-GB
ChdDSUhNMG9nS0VJQ0FnSUN3aTVlazFRRRAB,(Translated by Google) It's MY bar!  (Original) C est MON bar !,4 years ago,2022-02-14 17:40:26.836175,5.0,Marc d'AFFLON de CHAMPIÉ,0,0,https://www.google.com/maps/contrib/100399659685418790762/reviews?hl=en-GB
ChdDSUhNMG9nS0VJQ0FnSUNnaWNuT3hnRRAB,,4 years ago,2022-02-14 17:40:26.838901,5.0,Jerome Obi,0,0,https://www.google.com/maps/contrib/112723080894199144271/reviews?hl=en-GB
ChZDSUhNMG9nS0VJQ0FnSUNnMmJmdE53EAE,,4 years ago,2022-02-14 17:40:26.843990,5.0,Marie Beaumont,0,0,https://www.google.com/maps/contrib/114777925603117348369/reviews?hl=en-GB
ChZDSUhNMG9nS0VJQ0FnSURBN2ZEOVN3EAE,,4 years ago,2022-02-14 17:40:35.609143,5.0,André Chazeau,0,0,https://www.google.com/maps/contrib/112305083877556375467/reviews?hl=en-GB
ChdDSUhNMG9nS0VJQ0FnSURRdU1ic2h3RRAB,(Translated by Google) Good atmosphere and affordable  (Original) Bonne ambiance et abordable,4 years ago,2022-02-14 17:40:35.611671,5.0,Melanie Duclos,0,0,https://www.google.com/maps/contrib/105911095132969407091/reviews?hl=en-GB
ChdDSUhNMG9nS0VJQ0FnSUNRNDlHejl3RRAB,"Soft french fries, meat too cooked. Non merci !",4 years ago,2022-02-14 17:40:35.614229,1.0,dylan doyle,0,0,https://www.google.com/maps/contrib/118342588977039282156/reviews?hl=en-GB
ChdDSUhNMG9nS0VJQ0FnSURnMnRpSDd3RRAB,,4 years ago,2022-02-14 17:40:35.617368,5.0,Misha Maliga,0,0,https://www.google.com/maps/contrib/103796473949737268182/reviews?hl=en-GB
ChZDSUhNMG9nS0VJQ0FnSUN3a0xDV1ZnEAE,,4 years ago,2022-02-14 17:40:35.620593,5.0,Pierre Louis Delattre,0,0,https://www.google.com/maps/contrib/110895966961807056201/reviews?hl=en-GB
ChdDSUhNMG9nS0VJQ0FnSURBXzVLWHdBRRAB,(Translated by Google) What a setting  (Original) Que ambientazo,4 years ago,2022-02-14 17:40:35.623663,5.0,Ali Fernandez,0,0,https://www.google.com/maps/contrib/114579680404400926071/reviews?hl=en-GB
ChdDSUhNMG9nS0VJQ0FnSURndk0temlnRRAB,,4 years ago,2022-02-14 17:40:35.628921,4.0,Yann Grit,0,0,https://www.google.com/maps/contrib/104564004162870230735/reviews?hl=en-GB
ChdDSUhNMG9nS0VJQ0FnSURBNE5yMWpnRRAB,,4 years ago,2022-02-14 17:40:35.631586,4.0,Francois Medaerts,0,0,https://www.google.com/maps/contrib/109398967675058009265/reviews?hl=en-GB
ChdDSUhNMG9nS0VJQ0FnSUNna00zcTZBRRAB,"(Translated by Google) The team is top, festive atmosphere ❤ I love  (Original) …",4 years ago,2022-02-14 17:40:35.634618,5.0,Sarah Ben Haj Yahia,0,0,https://www.google.com/maps/contrib/103763086787953778310/reviews?hl=en-GB
ChdDSUhNMG9nS0VJQ0FnSURndjhlei1nRRAB,(Translated by Google) Good value for money  (Original) Bon rapport qualité-prix,4 years ago,2022-02-14 17:40:35.640631,4.0,Teddy Lecuyer,0,0,https://www.google.com/maps/contrib/114654040467798265750/reviews?hl=en-GB
ChdDSUhNMG9nS0VJQ0FnSUNBdEtLcThnRRAB,,4 years ago,2022-02-14 17:40:44.318822,5.0,Jean-Baptiste Puginier,0,0,https://www.google.com/maps/contrib/111542673731217462794/reviews?hl=en-GB
ChZDSUhNMG9nS0VJQ0FnSURBaHQyM1RBEAE,,4 years ago,2022-02-14 17:40:44.321481,3.0,Victoria Márquez-Feldman,0,0,https://www.google.com/maps/contrib/114262321560518047560/reviews?hl=en-GB
ChdDSUhNMG9nS0VJQ0FnSURRX01fd3NBRRAB,,4 years ago,2022-02-14 17:40:44.323975,4.0,Gianfranco Turrini,0,0,https://www.google.com/maps/contrib/113579978485341692655/reviews?hl=en-GB
ChdDSUhNMG9nS0VJQ0FnSUNBMk5ydmdnRRAB,,4 years ago,2022-02-14 17:40:44.326510,5.0,Nonos JACKSON,0,0,https://www.google.com/maps/contrib/101154311779269287563/reviews?hl=en-GB
ChZDSUhNMG9nS0VJQ0FnSUNndHVhS2JnEAE,,4 years ago,2022-02-14 17:40:44.329161,5.0,Annalisa Marraffino,0,0,https://www.google.com/maps/contrib/110309520571535622566/reviews?hl=en-GB
ChdDSUhNMG9nS0VJQ0FnSURBMXJERDlRRRAB,"(Translated by Google) Very nice, good atmosphere. Friendly team and very good home cooking. …",4 years ago,2022-02-14 17:40:44.331644,4.0,Blé Noir et Bilig,0,0,https://www.google.com/maps/contrib/100752628484213624767/reviews?hl=en-GB
ChZDSUhNMG9nS0VJQ0FnSUN3cXFTNmR3EAE,(Translated by Google) Nice cafe at Montmartre. Lively and really good service. And then you get the best burger I've ever tasted. A place I would definitely recommend. Rue Cligangcourt is worth a visit …,4 years ago,2022-02-14 17:40:44.334189,5.0,Britta Sjøstrøm,0,0,https://www.google.com/maps/contrib/116261678515711805257/reviews?hl=en-GB
ChZDSUhNMG9nS0VJQ0FnSUNnNWM3ZWN3EAE,,4 years ago,2022-02-14 17:40:44.336970,5.0,David Iwanow,0,0,https://www.google.com/maps/contrib/114246814151335572510/reviews?hl=en-GB
ChdDSUhNMG9nS0VJQ0FnSURRN3Eyb213RRAB,Better cocktail collections,4 years ago,2022-02-14 17:40:44.339812,5.0,Dib S,0,0,https://www.google.com/maps/contrib/102480607488790511625/reviews?hl=en-GB
ChdDSUhNMG9nS0VJQ0FnSURBMGNuVGtRRRAB,(Translated by Google) A supplement of € 2.50 for a squeezed orange juice which was only worth € 0.50 more than a normal one. Not at all commercial. …,4 years ago,2022-02-14 17:40:44.342646,1.0,Doumergue Marine,0,0,https://www.google.com/maps/contrib/100375845358811915000/reviews?hl=en-GB
ChdDSUhNMG9nS0VJQ0FnSURnMHNtZjRRRRAB,(Translated by Google) Great bar  (Original) Super  bar,4 years ago,2022-02-14 17:40:53.152551,5.0,Farida Groult,0,0,https://www.google.com/maps/contrib/115109828275182842693/reviews?hl=en-GB
ChZDSUhNMG9nS0VJQ0FnSURRbmRfOVVBEAE,(Translated by Google) An excellent place with good music the staff on welcoming you eat well I highly recommend it ... 👍👍👍 …,4 years ago,2022-02-14 17:40:53.155316,5.0,aurora gudina casares,0,0,https://www.google.com/maps/contrib/104693559628024788744/reviews?hl=en-GB
ChdDSUhNMG9nS0VJQ0FnSURnN2VLeWxRRRAB,(Translated by Google) Warm environment. Servers at the top.  (Original) …,4 years ago,2022-02-14 17:40:53.158004,4.0,Nadia Medjabra,0,0,https://www.google.com/maps/contrib/103691968572000846299/reviews?hl=en-GB
ChdDSUhNMG9nS0VJQ0FnSURBb05hMThRRRAB,,4 years ago,2022-02-14 17:40:53.160492,5.0,Alban Lo,0,0,https://www.google.com/maps/contrib/109948046770527428141/reviews?hl=en-GB
ChdDSUhNMG9nS0VJQ0FnSURRdjVfX2pRRRAB,,4 years ago,2022-02-14 17:40:53.162991,5.0,Daniel D,0,0,https://www.google.com/maps/contrib/112763530023747613542/reviews?hl=en-GB
ChdDSUhNMG9nS0VJQ0FnSUNnMjYyNHN3RRAB,"(Translated by Google) Great atmosphere, adorable waiters and waitress. And our favorite bartender is definitely worth a detour !! …",4 years ago,2022-02-14 17:40:53.166041,5.0,Rebecca P.,0,0,https://www.google.com/maps/contrib/112902726174051741429/reviews?hl=en-GB
ChZDSUhNMG9nS0VJQ0FnSUNRdE5yN1pnEAE,"(Translated by Google) Great team, cheap cons & good atmosphere! I recommend.  (Original) …",4 years ago,2022-02-14 17:40:53.169698,5.0,Check It,0,0,https://www.google.com/maps/contrib/110160084586675198088/reviews?hl=en-GB
ChdDSUhNMG9nS0VJQ0FnSUNnM3VqNDZnRRAB,(Translated by Google) Why is Paris  (Original) Por qué es París,4 years ago,2022-02-14 17:40:53.172911,5.0,yeyos Villareal,0,0,https://www.google.com/maps/contrib/107076531238826200921/reviews?hl=en-GB
ChZDSUhNMG9nS0VJQ0FnSUNRcXIyckJnEAE,(Translated by Google) Friendly!  (Original) Sympa!,4 years ago,2022-02-14 17:40:53.177932,3.0,katia Y,0,0,https://www.google.com/maps/contrib/116636116894536550434/reviews?hl=en-GB
ChdDSUhNMG9nS0VJQ0FnSURBejZlN25nRRAB,(Translated by Google) Very good value for money and even very good at all!  (Original) …,4 years ago,2022-02-14 17:40:53.181545,4.0,chris 18,0,0,https://www.google.com/maps/contrib/103693964370673634716/reviews?hl=en-GB
ChZDSUhNMG9nS0VJQ0FnSUNRdDdxTk9REAE,,4 years ago,2022-02-14 17:41:02.080376,3.0,Nabil Maârouf,0,0,https://www.google.com/maps/contrib/113501462306322726325/reviews?hl=en-GB
ChdDSUhNMG9nS0VJQ0FnSUNRbnRLQnlBRRAB,,4 years ago,2022-02-14 17:41:02.082782,3.0,olivier lombart,0,0,https://www.google.com/maps/contrib/106515483108159598785/reviews?hl=en-GB
ChdDSUhNMG9nS0VJQ0FnSUNBNkxQMnFRRRAB,"Super cool spot.  Good breakfast,  lunch and dinners.  Great coffee and beers.  Just an awesome place! Have a smoke and a coffee,  and watch people walk by...",4 years ago,2022-02-14 17:41:02.085775,5.0,Leonardo Martins,0,0,https://www.google.com/maps/contrib/114153922284094611888/reviews?hl=en-GB
ChdDSUhNMG9nS0VJQ0FnSURRanJxV3RRRRAB,"actually, the terrace is closing at 1AM and do not expect any extra time from the bouncer! prices are average...",4 years ago,2022-02-14 17:41:02.088931,3.0,Matthieu Migrand,0,0,https://www.google.com/maps/contrib/109708513804005042941/reviews?hl=en-GB
ChZDSUhNMG9nS0VJQ0FnSUNBNklpWU1BEAE,,4 years ago,2022-02-14 17:41:02.092013,3.0,Les DEE,0,0,https://www.google.com/maps/contrib/109659154962828724618/reviews?hl=en-GB
ChdDSUhNMG9nS0VJQ0FnSUNnZ2JUQzNBRRAB,Nice ans great to Relax and have a Drink in Paris,4 years ago,2022-02-14 17:41:02.096739,5.0,Adis Venero,0,0,https://www.google.com/maps/contrib/113034842965212810135/reviews?hl=en-GB
ChZDSUhNMG9nS0VJQ0FnSURRNFl1SklnEAE,"(Translated by Google) Funky, reasonably priced place. Good for happy hour  (Original) …",4 years ago,2022-02-14 17:41:02.100674,3.0,Júlio Castañeda,0,0,https://www.google.com/maps/contrib/106142988603678397847/reviews?hl=en-GB
ChdDSUhNMG9nS0VJQ0FnSUNRLWVmcTV3RRAB,(Translated by Google) They are nice  (Original) Ils sont gentils,4 years ago,2022-02-14 17:41:02.103689,4.0,marie giraud,0,0,https://www.google.com/maps/contrib/106365214654580426161/reviews?hl=en-GB
ChdDSUhNMG9nS0VJQ0FnSUNRNkxEUHBnRRAB,(Translated by Google) Perfect for lovers of terraces. Prices are quite affordable …,4 years ago,2022-02-14 17:41:02.108221,5.0,Nadijb Benramdane,0,0,https://www.google.com/maps/contrib/117126625466938654661/reviews?hl=en-GB
ChdDSUhNMG9nS0VJQ0FnSURBNU1tVnpRRRAB,"Nice cozy bar at the foot of Montmartre, decent beer selection.",4 years ago,2022-02-14 17:41:02.111654,3.0,Sam Cranford,0,0,https://www.google.com/maps/contrib/108022741168825030006/reviews?hl=en-GB
ChdDSUhNMG9nS0VJQ0FnSUNBb3YtbG13RRAB,,4 years ago,2022-02-14 17:41:11.780392,3.0,Vasiliki Xiromeriti,0,0,https://www.google.com/maps/contrib/114640491553286358580/reviews?hl=en-GB
ChZDSUhNMG9nS0VJQ0FnSUNBek9pVEZREAE,"(Translated by Google) Very good neighborhood bar, quality food and decent price. …",4 years ago,2022-02-14 17:41:11.783307,4.0,Vincent Zacharias,0,0,https://www.google.com/maps/contrib/100173724724024196367/reviews?hl=en-GB
ChdDSUhNMG9nS0VJQ0FnSUNRb01yM2hRRRAB,"(Translated by Google) Excellent restaurant, everything is homemade, the fries are delicious and the Burgers really taste great! The chocolate fondant is to die for! …",5 years ago,2022-02-14 17:41:11.786769,5.0,Valentin,0,0,https://www.google.com/maps/contrib/110290378464540473052/reviews?hl=en-GB
ChdDSUhNMG9nS0VJQ0FnSUN3NjRieTR3RRAB,"(Translated by Google) Great for drinking beers on the terrace, very friendly staff and good food with very good value for money! I highly recommend …",5 years ago,2022-02-14 17:41:11.789657,5.0,Alban Boitier,0,0,https://www.google.com/maps/contrib/118371878916926792329/reviews?hl=en-GB
ChdDSUhNMG9nS0VJQ0FnSUN3b3E3anlRRRAB,,5 years ago,2022-02-14 17:41:11.792513,4.0,Arnaud ATTAR,0,0,https://www.google.com/maps/contrib/112789974171927613590/reviews?hl=en-GB
ChZDSUhNMG9nS0VJQ0FnSURna05QYWF3EAE,"(Translated by Google) Never disappointed every time I come, a warm and accommodating welcome, always OK for a drink or a meal. The burgers are terrible as is the plate of cold cuts and cheese. La chouffe, champion guys! …",5 years ago,2022-02-14 17:41:11.795342,5.0,Alexandre Kerbrat,0,0,https://www.google.com/maps/contrib/117893667622087389092/reviews?hl=en-GB
ChdDSUhNMG9nS0VJQ0FnSURnNGJlNGhBRRAB,,5 years ago,2022-02-14 17:41:11.799675,5.0,Fafa Abracadabra,0,0,https://www.google.com/maps/contrib/116289671817099571900/reviews?hl=en-GB
ChdDSUhNMG9nS0VJQ0FnSUN3ZzVtRzRBRRAB,,5 years ago,2022-02-14 17:41:11.804883,5.0,Hamza Azem,0,0,https://www.google.com/maps/contrib/117115872036510916491/reviews?hl=en-GB
ChdDSUhNMG9nS0VJQ0FnSUNRZ2REeTFnRRAB,(Translated by Google) Friendly staff without a fuss. More than reasonable prices …,5 years ago,2022-02-14 17:41:11.807845,4.0,Lucas Didier,0,0,https://www.google.com/maps/contrib/101239109447971258024/reviews?hl=en-GB
ChZDSUhNMG9nS0VJQ0FnSUNBd1kyeEd3EAE,"(Translated by Google) Dirty, WiFi not working  (Original) Sporco, WiFi non funzionante",5 years ago,2022-02-14 17:41:11.811632,1.0,Livio Demasi,0,0,https://www.google.com/maps/contrib/106302463534443378865/reviews?hl=en-GB
ChZDSUhNMG9nS0VJQ0FnSUNRNnVqNEZ3EAE,(Translated by Google) A big yes!  (Original) Un gros oui!,5 years ago,2022-02-14 17:41:21.123184,5.0,Charles Ciavaldini,0,0,https://www.google.com/maps/contrib/113059443944408486938/reviews?hl=en-GB
ChZDSUhNMG9nS0VJQ0FnSUNBbU5fNVJBEAE,,5 years ago,2022-02-14 17:41:21.125695,5.0,Katarina Mijic,0,0,https://www.google.com/maps/contrib/105481746520816241362/reviews?hl=en-GB
ChZDSUhNMG9nS0VJQ0FnSUNBLXRYM0VnEAE,,5 years ago,2022-02-14 17:41:21.128120,4.0,Renan Ozelo,0,0,https://www.google.com/maps/contrib/104661778245493005330/reviews?hl=en-GB
ChZDSUhNMG9nS0VJQ0FnSUNna0lXN0RnEAE,(Translated by Google) Two nice bosses go for a full meal after dinner at 30 euros. The lunch break was a little past half past two. It is not easy to eat well at 30 euros even if it is not a high-quality gin. …,5 years ago,2022-02-14 17:41:21.130587,5.0,내맘대로감슐랭,0,0,https://www.google.com/maps/contrib/106116141209454159891/reviews?hl=en-GB
ChZDSUhNMG9nS0VJQ0FnSURBOEw2a1VREAE,,5 years ago,2022-02-14 17:41:21.133110,5.0,최희재,0,0,https://www.google.com/maps/contrib/109734482952335951227/reviews?hl=en-GB
ChdDSUhNMG9nS0VJQ0FnSUNRaHNubS1RRRAB,(Translated by Google) Easy! Friendly! Like at home ! I recommend ... especially in the evening. Service at the top bar is no frills …,5 years ago,2022-02-14 17:41:21.136427,5.0,Gaetan ALCAZAR,0,0,https://www.google.com/maps/contrib/111233263203661450363/reviews?hl=en-GB
ChZDSUhNMG9nS0VJQ0FnSURRMTUyM0tnEAE,,5 years ago,2022-02-14 17:41:21.139450,5.0,Cécile Mahéo,0,0,https://www.google.com/maps/contrib/104092145174696996968/reviews?hl=en-GB
ChZDSUhNMG9nS0VJQ0FnSUN3cUk2TUN3EAE,,5 years ago,2022-02-14 17:41:21.142563,4.0,Victoire Coindreau,0,0,https://www.google.com/maps/contrib/102034704185892204248/reviews?hl=en-GB
ChdDSUhNMG9nS0VJQ0FnSUN3anQySjRnRRAB,"(Translated by Google) New sound it dances sometimes, we can also order food and shots change from those offered elsewhere …",5 years ago,2022-02-14 17:41:21.146203,4.0,Doom war,0,0,https://www.google.com/maps/contrib/110872412883230941348/reviews?hl=en-GB
ChdDSUhNMG9nS0VJQ0FnSUNnZ0tLXzlnRRAB,(Translated by Google) Mojito excellent  (Original) Mojito excelente,5 years ago,2022-02-14 17:41:21.152255,5.0,Bettiana Melgarejo,0,0,https://www.google.com/maps/contrib/118230410618437435945/reviews?hl=en-GB
ChZDSUhNMG9nS0VJQ0FnSURncXJEUExnEAE,(Translated by Google) Warm and friendly  (Original) Chaleureux et conviviale,5 years ago,2022-02-14 17:41:33.566136,4.0,Maximilien Kotowicz,0,0,https://www.google.com/maps/contrib/105004224885626032044/reviews?hl=en-GB
ChZDSUhNMG9nS0VJQ0FnSUN3aU8zWWVREAE,,5 years ago,2022-02-14 17:41:33.568714,4.0,Anaïs Fardel,0,0,https://www.google.com/maps/contrib/110629338829751040707/reviews?hl=en-GB
ChdDSUhNMG9nS0VJQ0FnSUNndnFUSXFnRRAB,,5 years ago,2022-02-14 17:41:33.571813,5.0,Mathias Fourage,0,0,https://www.google.com/maps/contrib/114015882496642752098/reviews?hl=en-GB
ChZDSUhNMG9nS0VJQ0FnSURRdHJ1Q0x3EAE,"(Translated by Google) Very friendly, good atmosphere and good value for money on plates and hot dishes …",5 years ago,2022-02-14 17:41:33.575567,5.0,Julián Villalba,0,0,https://www.google.com/maps/contrib/102929984258581627643/reviews?hl=en-GB
ChdDSUhNMG9nS0VJQ0FnSURnNGQ2MXVRRRAB,"It was our late lunch and the first meal in Paris on our trip. Had Beef bourguignon with roast potato and aubergine rigatoni with courgette, prawns and smoked salmon. Those are delicious! Terrace tables were popular but we picked inside. Nicely quiet atmosphere and the waiter was also nice",5 years ago,2022-02-14 17:41:33.580876,5.0,Sone Natsuko,0,0,https://www.google.com/maps/contrib/112189311277444490432/reviews?hl=en-GB
ChdDSUhNMG9nS0VJQ0FnSURBN3ZLZDlnRRAB,best local bar in paris nord,5 years ago,2022-02-14 17:41:33.586172,5.0,ernst van oranje,0,0,https://www.google.com/maps/contrib/110887702009995682765/reviews?hl=en-GB
ChZDSUhNMG9nS0VJQ0FnSUNRcFpQaUh3EAE,(Translated by Google) A really good little dish really affordable and nice service …,5 years ago,2022-02-14 17:41:33.589011,4.0,gregory hadjiyannakis,0,0,https://www.google.com/maps/contrib/116466211996069215528/reviews?hl=en-GB
ChZDSUhNMG9nS0VJQ0FnSURRdy0yMU53EAE,,5 years ago,2022-02-14 17:41:33.591975,5.0,Anthony Nasso,0,0,https://www.google.com/maps/contrib/111857131320705739696/reviews?hl=en-GB
ChZDSUhNMG9nS0VJQ0FnSURRd2JUZmZnEAE,,6 years ago,2022-02-14 17:41:33.595234,5.0,Toto Dernoncourt,0,0,https://www.google.com/maps/contrib/112162181467470801787/reviews?hl=en-GB
ChdDSUhNMG9nS0VJQ0FnSUNBaTZ5bHZRRRAB,,6 years ago,2022-02-14 17:41:33.598841,4.0,Ádám Budai,0,0,https://www.google.com/maps/contrib/115427969702494693282/reviews?hl=en-GB
ChdDSUhNMG9nS0VJQ0FnSURReUp1eTdnRRAB,"I love this place. It is usually, surprisingly, half-empty, which is good for me. It serves excellent, beautifully-presented meals of outstanding quality for a very good price. It also does an excellent burger for unadventurous kids. The …",6 years ago,2022-02-14 17:41:42.872767,4.0,Bruce Rouffian,0,0,https://www.google.com/maps/contrib/106814010698161007308/reviews?hl=en-GB
ChZDSUhNMG9nS0VJQ0FnSURBOHBpd01REAE,,6 years ago,2022-02-14 17:41:42.875415,5.0,Emmanuel Reinert,0,0,https://www.google.com/maps/contrib/104990842368970080680/reviews?hl=en-GB
ChdDSUhNMG9nS0VJQ0FnSUNBN2EzYjF3RRAB,Top,7 years ago,2022-02-14 17:41:42.878108,5.0,Paul Vilalta,0,0,https://www.google.com/maps/contrib/101115852807480291277/reviews?hl=en-GB
ChdDSUhNMG9nS0VJQ0FnSUNBMUpIVmlnRRAB,,7 years ago,2022-02-14 17:41:42.880575,4.0,Finnegan Southey,0,0,https://www.google.com/maps/contrib/101946333943116870194/reviews?hl=en-GB
ChZDSUhNMG9nS0VJQ0FnSURRbUl5eElBEAE,"(Translated by Google) Good price, optimal service, and more than welcoming!  (Original) …",8 years ago,2022-02-14 17:41:42.883078,5.0,Julien Mercier,0,0,https://www.google.com/maps/contrib/117215963209163569073/reviews?hl=en-GB
ChdDSUhNMG9nS0VJQ0FnSURtczdMZGp3RRAB,,5 days ago,2022-02-14 17:42:08.823319,5.0,Chabha Boudjema,0,0,https://www.google.com/maps/contrib/103375995493528522465/reviews?hl=en-GB
ChdDSUhNMG9nS0VJQ0FnSURHcHQtLWpBRRAB,"(Translated by Google) Warm welcome, 🍕 delicious 😋 pizzas, very friendly service, run there! Jimmy …",2 months ago,2022-02-14 17:42:08.825811,5.0,Jimmy Nutini,0,0,https://www.google.com/maps/contrib/114549642904455075679/reviews?hl=en-GB
ChZDSUhNMG9nS0VJQ0FnSURHNk9XSkhnEAE,,2 months ago,2022-02-14 17:42:08.828326,5.0,Jocelyn PIERRE,0,0,https://www.google.com/maps/contrib/112531998724543060026/reviews?hl=en-GB
ChdDSUhNMG9nS0VJQ0FnSUQ2bW9pLXNnRRAB,"(Translated by Google) It was very good, the diavola pizza was quite spicy as it should be. …",4 months ago,2022-02-14 17:42:08.830816,5.0,Debai 9,0,0,https://www.google.com/maps/contrib/112762908091428187918/reviews?hl=en-GB
ChdDSUhNMG9nS0VJQ0FnSUM2N3J5RzhnRRAB,,5 months ago,2022-02-14 17:42:08.833317,5.0,garance rigal,0,0,https://www.google.com/maps/contrib/109937121628155819678/reviews?hl=en-GB
ChdDSUhNMG9nS0VJQ0FnSUNhX2NqTmhBRRAB,"(Translated by Google) Excellent pizzas, tasty and of very good quality, the welcome is warm and the place very nice I will definitely stay there again! …",6 months ago,2022-02-14 17:42:08.836108,5.0,Nawal Belouchrani,0,0,https://www.google.com/maps/contrib/101509086249389361468/reviews?hl=en-GB
ChdDSUhNMG9nS0VJQ0FnSUNheGNPTThBRRAB,Best pizza I’ve had all month!,6 months ago,2022-02-14 17:42:08.839517,5.0,Grant Walker,0,0,https://www.google.com/maps/contrib/103050641797245431219/reviews?hl=en-GB
ChdDSUhNMG9nS0VJQ0FnSUNhdlBETnBnRRAB,(Translated by Google) Really good pizzas and friendly waiters :)  (Original) …,6 months ago,2022-02-14 17:42:08.842637,4.0,M L,0,0,https://www.google.com/maps/contrib/111373774449793537769/reviews?hl=en-GB
ChZDSUhNMG9nS0VJQ0FnSURxa01lUWNnEAE,(Translated by Google) Wllh they treat the brothers. Pasta and Pizza too good  (Original) …,7 months ago,2022-02-14 17:42:08.847493,5.0,Molly Bubu,0,0,https://www.google.com/maps/contrib/104648055126308282912/reviews?hl=en-GB
ChdDSUhNMG9nS0VJQ0FnSURLXzd1Zi1BRRAB,"(Translated by Google) Delicious pasta and pizza 😍 very friendly service, I recommend! …",8 months ago,2022-02-14 17:42:08.851111,5.0,Guillaume Derrien,0,0,https://www.google.com/maps/contrib/108149760895047156253/reviews?hl=en-GB
ChdDSUhNMG9nS0VJQ0FnSURpeGZubjZ3RRAB,(Translated by Google) The pizzas are excellent with quality products and the service is very warm! I highly recommend the Bianca Neve;) …,a year ago,2022-02-14 17:42:08.853705,5.0,Juliette Nn,0,0,https://www.google.com/maps/contrib/107595641388373284829/reviews?hl=en-GB
ChZDSUhNMG9nS0VJQ0FnSURDdGFyOUlBEAE,(Translated by Google) Best pizzeria I have eaten at  (Original) …,a year ago,2022-02-14 17:42:08.856411,5.0,Raphaël Guy,0,0,https://www.google.com/maps/contrib/102882487532850045545/reviews?hl=en-GB
ChdDSUhNMG9nS0VJQ0FnSUQ4eTlXN3pnRRAB,"Perfect Italiaan pizza, freshly made! Kind people, good service And very good espresso 👍",a year ago,2022-02-14 17:42:08.859016,5.0,Bahram Dehghan Kohan,0,0,https://www.google.com/maps/contrib/102854933693385257993/reviews?hl=en-GB
ChZDSUhNMG9nS0VJQ0FnSUM4MEwyOUVREAE,"(Translated by Google) Very good services, homemade, to redo  (Original) …",a year ago,2022-02-14 17:42:08.861983,5.0,Julie,0,0,https://www.google.com/maps/contrib/109097221412023365558/reviews?hl=en-GB
ChdDSUhNMG9nS0VJQ0FnSUNjc2FLUXR3RRAB,(Translated by Google) Very good...  (Original) Très bon...,a year ago,2022-02-14 17:42:08.867349,5.0,Agostinho Lage,0,0,https://www.google.com/maps/contrib/115107309779222028833/reviews?hl=en-GB
ChZDSUhNMG9nS0VJQ0FnSURzX3J6R1hBEAE,"(Translated by Google) Pizza tastes good, no surprises on the bill. Friendly staff. …",a year ago,2022-02-14 17:42:08.872141,4.0,Gioia Pascarelli,0,0,https://www.google.com/maps/contrib/107676568509179934331/reviews?hl=en-GB
ChZDSUhNMG9nS0VJQ0FnSURzX3B6SUxREAE,,a year ago,2022-02-14 17:42:08.877457,5.0,Moumou Annane,0,0,https://www.google.com/maps/contrib/101793057531545748604/reviews?hl=en-GB
ChZDSUhNMG9nS0VJQ0FnSURzLVBPV1RREAE,"(Translated by Google) Great restaurant, very nice. Top service. The pizzas, a delight for a fair price. …",a year ago,2022-02-14 17:42:08.880422,5.0,Adeline Brunière,0,0,https://www.google.com/maps/contrib/113959710363232575897/reviews?hl=en-GB
ChdDSUhNMG9nS0VJQ0FnSURzcU5XS3B3RRAB,(Translated by Google) Good pizza to be in France but nothing ... Excessive prices but I think it is normal in Paris (a pizza 15 euros and a bottle of water 7 euros I think it's a rip off) …,a year ago,2022-02-14 17:42:08.883842,4.0,Aurora l,0,0,https://www.google.com/maps/contrib/112596743770313098424/reviews?hl=en-GB
ChZDSUhNMG9nS0VJQ0FnSUNzcGJuc0NnEAE,(Translated by Google) Pleasant setting in an old pharmacy very well reinvested. The welcome is warm and the dishes delicious (pasta and pizza). To try ! …,2 years ago,2022-02-14 17:42:08.886957,5.0,Nouch L.,0,0,https://www.google.com/maps/contrib/117022274796111735109/reviews?hl=en-GB
ChdDSUhNMG9nS0VJQ0FnSURNNXFMV3ZBRRAB,"The food was great! we ordered one pizza and two pastas, and the service was excellent as well",2 years ago,2022-02-14 17:42:15.184593,5.0,anna chalari,0,0,https://www.google.com/maps/contrib/117266783639191760404/reviews?hl=en-GB
ChdDSUhNMG9nS0VJQ0FnSUMwM3UtVTlRRRAB,"(Translated by Google) At the highest point of the rue de Clignancourt, at a crossroads rich in restaurants, in the beautiful setting of an old pharmacy that has kept its woodwork and storage space, an Italian restaurant ... to follow …",2 years ago,2022-02-14 17:42:15.187186,5.0,Alias 'kiteshvara,0,0,https://www.google.com/maps/contrib/104256887418961252835/reviews?hl=en-GB
